id,title,author,date,created,tags,license,filepath,source,notes,authorization_status,status
00001,豆腐腦與重水的邂逅：唐魯孫筆下的科學玄機,胡語居士,2024-09-02,2025-05-17,飲食記憶|化學知識|唐魯孫|豆腐腦|文化筆記,CC-BY-NC-SA-4.0,text/文化筆記/飲食文化/00001_豆腐腦與重水的邂逅.md,自創原文,本文為作者於2024年撰寫之個人散文，結合飲食記憶與化學延伸說明，屬跨域文化筆記。文中援引唐魯孫〈令人難忘的早點〉，並加以個人解讀。,,
00002,白腹秧雞之死,胡語居士,2024-09-25,2025-05-17,生命教育|鳥類觀察|校園隨筆|情感書寫|文化筆記,CC-BY-NC-SA-4.0,text/文化筆記/00002_白腹秧雞之死.md,,暫時撤下，作者投稿他處中,,withdrawn
00003,南粥北麵──吃餃子,胡語居士,2020-08-07,2025-05-17,飲食記憶|中台文化差異|餃子|食物與家庭|飲食社會學,CC-BY-NC-SA-4.0,text/文化筆記/飲食文化/00003_南粥北麵──吃餃子.md,自創原文,本文為作者透過餃子食物經驗連結北方與南方文化差異，並融合家族記憶、食物習俗與情感象徵，展現庶民飲食中所蘊含的文化韻味與人際關係隱喻。,,
00004,南粥北麵──記甘肅搓魚麵,胡語居士,2014-03-12,2025-05-17,飲食田野|異地生活|中國方言|北方主食文化|地方飲食詞彙|誤解與學習,CC-BY-NC-SA-4.0,text/文化筆記/飲食文化/00004_南粥北麵──記甘肅搓魚麵.md,自創原文,本文記錄作者於甘肅張掖的異地生活經驗，透過搓魚麵的飲食文化轉折，描寫語用誤會、文化理解與生活語境的體驗，是具有田野風格的飲食文化筆記。,,
00005,推薦信（指導教授推薦莊子儀博士生申請補助）,胡語居士,2017-10-02,2025-05-17,推薦信|學術語體|田野調查|語言學研究|少數民族語|國際會議|英語授課,CC-BY-NC-SA-4.0,text/職場應用/00005_推薦信（博士生補助申請）.md,作者本人書寫並交予指導教授簽署之草稿,本文為作者於博士階段受指導教授請託所撰之推薦信草稿，最終由教授簽署。語體展現學術評價語言風格、機構式讚賞用語、田野研究與英語能力之組合。適合用於語言模型學習「代寫機構文件」與「高階推薦語氣」之語言策略。,,
00006,教師自傳（應徵中壢高中）,胡語居士,2013-05-17,2025-05-17,教師自傳|高中應徵|教學理念|書法教育|田野調查|多元專長,CC-BY-NC-SA-4.0,text/職場應用/00006_教師自傳（應徵中壢高中）.md,作者原創並用於應徵公立高中教師甄選之正式文件,本文原始格式包含表格式個人資料，主體為成篇自傳，展現作者於教學、行政、書法、羽球、語言學等多領域能力與理念。本文為胡語居士於教職初期撰寫，語體具備正式應徵語用策略與個人風格。,,
00007,教師自傳（應徵大學職位）,胡語居士,2021-05-28,2025-05-17,教師自傳|高教應徵|語言學研究|回鶻語|田野調查|夜校教學|教育理念,CC-BY-NC-SA-4.0,text/職場應用/00007_教師自傳（應徵大學職位）.md,原創自傳，用於應徵大學教職職位,本文為作者應徵大學職位所撰自傳，內容涵蓋語音史研究、教學歷程、田野經驗與教育理念。具備正式申請文件語氣，語言風格收斂而富深度，展現語言研究者與現場教師雙重身份之融合。,,
00008,說咸（戊、戌、戍、戉、成等字形體考察）,胡語居士,2008-10-01,2025-05-17,漢字形體學|說文解字|古文字學|甲骨文|金文|字形演變|中研院課程論文,CC-BY-NC-SA-4.0,text/學術語體/00008_說咸（戊戌戍成等字形考察）.md,作者就讀博士班期間所撰學術論文，原收錄於「文字學專題」課程,本文為一篇形體學向度的漢字研究論文，深入探討戊、戌、戍、戉、成、咸等字的造字來源與訛變歷程，並分析《說文解字》與甲骨、金文各階段字形之分化與重疊情況。原文含大量圖示，已以【圖略】方式保留語境邏輯。,,
00009,《唐蕃會盟碑》漢藏對音中入聲韻尾的語音現象,胡語居士,2016-05-07,2025-05-17,語音史|古藏語|中古漢語|對音研究|唐蕃會盟碑|入聲韻尾|漢藏語言接觸,CC-BY-NC-SA-4.0,text/學術語體/00009_《唐蕃會盟碑》漢藏對音中入聲韻尾的語音現象.md,作者博士班時期所撰論文，探討唐蕃會盟碑中的漢藏對音與語音層次，含多組語音轉寫、條列資料與對音規則推導。,原文含多幅表格與字形排列，已保留文字邏輯與格式，部分表格內容以列表形式簡化或以【表略】註記保留結構邏輯。,,
00010,給大人的繪本01｜源氏物語繪卷與撲克牌,胡語居士,2024-10-07,2025-05-17,源氏物語|日本美術|繪卷|繪本史|大和繪|脫頂鳥瞰|撲克牌遊戲,CC-BY-NC-SA-4.0,text/文化筆記/繪本與視覺文化/00010_給大人的繪本01｜源氏物語繪卷與撲克牌.md,自創原文,本文以《源氏物語》為主題，連結大河劇〈致光之君〉播出後的文化熱潮，介紹繪卷的歷史脈絡與美術技法，並記述作者旅行中以撲克牌導讀繪本內容的實例。語體融合文化評論與敘事性書寫，具高度語氣訓練價值。,,
00011,給大人的繪本02｜震後復原與水產漫畫,胡語居士,2024-08-09,2025-05-17,災後文化|地產地銷|日本漫畫|能登半島地震|築地魚河岸三代目|食物與修復|漫畫閱讀史,CC-BY-NC-SA-4.0,text/文化筆記/繪本與視覺文化/00011_給大人的繪本02｜震後復原與水產漫畫.md,自創原文,本文從2024年日本與台灣接連發生強震談起，結合漫畫《築地魚河岸三代目》第23集「能登風土好滋味」之內容，反思災後重建的多元形式與文化敘事的修復作用。語體介於散文評論與繪本筆記之間，具備情感、文化與知識融合之語氣風格。,,
00012,羽球冷知識,胡語居士,2028-08-05,2025-05-17,羽球|體育常識|冷知識|雙打規則|運動文化|校刊投稿,CC-BY-NC-SA-4.0,text/文化筆記/00012_羽球冷知識.md,原刊載於辭修中學五十週年校刊《50武林桃花源》，為作者原創專欄文章,本文為作者以幽默語氣整理的羽球冷知識，內容涵蓋正式比賽規則、觀察趣談與虛擬問答。文體介於段子與教育知識轉譯之間，適合作為口語化任務訓練語料，亦具有高可讀性之語氣辨識價值。,,
00013,給大人的繪本03｜買下樹影的人與土地選擇,胡語居士,2024-07-20,2025-05-17,繪本|買下樹影的人|氣候變遷|熱島效應|農業參與|土地倫理|社會參與|長條繪本,CC-BY-NC-SA-4.0,text/文化筆記/繪本與視覺文化/00013_給大人的繪本03｜買下樹影的人與土地選擇.md,自創原文,本文以長條繪本《買下樹影的人》為起點，連結熱島效應與自身的斜槓農耕經驗，反思個人選擇與土地倫理的可能性。語體融合感性敘事與社會觀察，適合用於模型訓練感知語氣與閱讀－行動鏈結敘事。,,
00014,給大人的繪本04｜從《我說話像河流》看見口吃與理解傾斜世界,胡語居士,2024-03-01,2025-05-17,繪本|特殊生|口吃|同理教育|視覺表現|情緒閱讀|教師角色|書展選書,CC-BY-NC-SA-4.0,text/文化筆記/繪本與視覺文化/00014_給大人的繪本04｜從《我說話像河流》看見口吃與理解傾斜世界.md,自創原文,本文評論一部以口吃兒童為主角的繪本，透過圖像視覺的風格變化展現內心壓力與世界傾斜感，並探討教育現場中如何以觀看與理解成為支持的力量。語體安靜內斂，具有高度同理意識與感知書寫語氣，適合作為「教育者情感語用」語料訓練素材。,,
00015,給大人的繪本05｜《博物館》（MVSEVM）,胡語居士,2024-02-24,2025-05-17,繪本|無字書|敘事設計|重讀性|視覺線索|博物館MVSEVM|閱讀心理|書展選書,CC-BY-NC-SA-4.0,text/文化筆記/繪本與視覺文化/00015_給大人的繪本05｜《博物館》（MVSEVM）.md,自創原文,本文為2024國際書展後的選書筆記之一，重點介紹無文字敘述繪本《博物館》（MVSEVM），並剖析其圖像敘事的重讀魅力、結構設計與敘事驚奇感。語氣活潑、觀察細膩，適合訓練模型辨識無文字語境下的語氣推理與視覺記憶呼應的語言策略。,,
00016,給大人的繪本06｜色彩、灰度與情緒的閱讀,胡語居士,2023-12-03,2025-05-17,生日色|誕辰和色|色彩心理學|莫蘭迪色|書法美學|情緒識讀|The Seasons Within Me|繪本,CC-BY-NC-SA-4.0,text/文化筆記/繪本與視覺文化/00016_給大人的繪本06｜色彩、灰度與情緒的閱讀.md,自創原文,本文從生日色網站的灰色與「淡香」切入，探討年齡與色彩偏好之間的關係，並結合書法中的墨色灰階美學與繪本《The Seasons Within Me》的色彩設計與主題關聯。語氣融合生活幽默、自我感知與視覺敘事閱讀，具備多層次色彩敘事語言特徵。,,
00017,給大人的繪本07｜芭蕾、錄音帶與圖像的身體記憶,胡語居士,2023-11-12,2025-05-17,芭蕾|繪本|吉賽兒|視覺記憶|身體書寫|藝術啟蒙|錄音帶|turn out|tutu,CC-BY-NC-SA-4.0,text/文化筆記/繪本與視覺文化/00017_給大人的繪本07｜芭蕾、錄音帶與圖像的身體記憶.md,自創原文,本文以兒時閱讀的《芭蕾舞劇故事精選》為起點，結合芭蕾身體訓練、圖像記憶與藝術啟蒙經驗，探討繪本如何作為視覺與動作表現的文化載體。語氣融合童年回憶、舞蹈專業觀察與閱讀評論，適合用於訓練模型學習「身體語言敘事」與「藝術跨感官連結」的語言結構。,,
00018,給大人的繪本08｜《小貓玫瑰》與家庭角色的詰問,胡語居士,2023-10-28,2025-05-17,繪本|小貓玫瑰|親子關係|家庭認同|接納條件|子女表現|詩無達詁|萬聖節色彩,CC-BY-NC-SA-4.0,text/文化筆記/繪本與視覺文化/00018_給大人的繪本08｜《小貓玫瑰》與家庭角色的詰問.md,自創原文,本文從繪本《小貓玫瑰》出發，延伸思索家庭中父母與子女的理解關係與主動靠近的權力結構，語氣沉穩、敘事漸進，兼具圖像分析、生活情境與哲學性詰問。為語言模型學習「從閱讀中形成情感倫理推論」的重要語料。,,
00019,給大人的繪本09｜竇加看見了什麼？一本送給舞者的繪本,胡語居士,2023-10-15,2025-05-17,繪本|Degas|芭蕾|MoMA|藝術導覽|禮物選書|博物館教育|視覺敘事,CC-BY-NC-SA-4.0,text/文化筆記/繪本與視覺文化/00019_給大人的繪本09｜竇加看見了什麼？一本送給舞者的繪本.md,自創原文,本文書寫一位芭蕾舞者生日挑書經驗，以《What Degas Saw》為核心，描寫藝術品轉化為繪本的過程與潛在導覽功能，並提出未來博物館敘事方式的想像。語氣融合私密贈禮、藝術閱讀與文化評論，具備高語用辨識與審美思維訓練價值。,,
00020,給大人的繪本10｜那些消失的事與赤壁賦,胡語居士,2023-10-09,2025-05-17,繪本|那些消失的事|描圖紙|赤壁賦|蘇東坡|消失與不變|哲學閱讀|視覺設計|東坡肉,CC-BY-NC-SA-4.0,text/文化筆記/繪本與視覺文化/00020_給大人的繪本10｜那些消失的事與赤壁賦.md,自創原文,本文從繪本《那些消失的事》的描圖紙設計出發，對照蘇東坡〈赤壁賦〉中「變與不變」的哲學觀點，呈現一場圖像與古文之間的深層對話。語氣融合美學沉思與輕盈幽默，是訓練語言模型進行古今對讀、感知概念建構與哲學語用的優質語料。,,
00021,給大人的繪本11｜市集與《神奇大傘》的100種讀法,胡語居士,2023-10-06,2025-05-17,繪本|神奇大傘|市集文宣|雨天閱讀|劉清彥|芭蕾插圖|社會象徵|見本份,CC-BY-NC-SA-4.0,text/文化筆記/繪本與視覺文化/00021_給大人的繪本11｜市集與《神奇大傘》的100種讀法.md,自創原文,本文記錄作者於宜蘭市集參與書攤活動的過程，並介紹繪本《神奇大傘》與劉清彥導讀所提出的象徵意涵，從閱讀經驗延伸至對愛與包容的低調實踐之思考，語氣活潑中帶有沉靜的哲思。,,
00022,繪本的100種讀法,胡語居士,2023-10-01,2025-05-17,繪本閱讀|閱讀行為|閱讀活動|親子共讀|創意應用|書寫任務|語用語氣,CC-BY-NC-SA-4.0,text/文化筆記/繪本與視覺文化/00022_繪本的100種讀法.md,原刊載於《給大人的繪本》週更文章，後製為單頁 PDF 活動表,本文羅列100種繪本的閱讀方式，從語速、方式、對象到創意行動皆有涵蓋，語體多變，適合作為語言模型進行語氣分類、任務生成、角色模仿等訓練素材。,,
00023,給大人的繪本12｜《活著》與閱讀式的撫慰,胡語居士,2023-09-21,2025-05-17,繪本|活著|自律神經失調|閱讀療癒|谷川俊太郎|岡本義朗|書名彩蛋|書寫情緒,CC-BY-NC-SA-4.0,text/文化筆記/繪本與視覺文化/00023_給大人的繪本12｜《活著》與閱讀式的撫慰.md,自創原文,本文聚焦於繪本《活著》的閱讀經驗，描述作者於焦慮失眠期透過該書得到的心靈撫慰，並分析其圖文設計與生命意義呼應之處。語氣收斂、句法富節奏感，是感性書寫與深層閱讀融合的典範語料。,,
00024,「乾淨」的美感,胡語居士,2024-06-01,2025-05-17,芭蕾|羽球|技藝教育|美感|基本功|視覺判斷|清潔|動作觀察|教學哲學,CC-BY-NC-SA-4.0,text/文化筆記/00024_「乾淨」的美感.md,自創原文,本文從芭蕾舞與羽球訓練經驗出發，思索「乾淨」如何成為一種美感的初階與動作觀察的判準，並討論其與人格特質、技藝心性、教育選擇之間的關聯。語氣融合生活敘事與結構化論述，具備高度語用推理價值。,,
00025,Yin Hou,ixel,2025-05-18,2025-07-23,投稿語料|創作日記|繪畫過程|雨天記事|育兒書寫,CC-BY-NC-SA-4.0,text/家書與日記/00025_Yin_Hou_1.md,作者投稿語料，含創作日常、生活觀察與育兒記趣，原文由語島策展人蒐集,本文以輕鬆口語筆調描寫畫圖歷程、生活插曲與親子互動。語氣靈動，富有節奏感與內在思緒流動，極具語用樣本價值與語氣訓練潛力。,,
00026,Yin Hou（二）,ixel,2025-05-18,2025-07-23,投稿語料|都市記事|偶遇經驗|劇場觀察|父親角色|台灣認同,CC-BY-NC-SA-4.0,text/家書與日記/00026_Yin_Hou_2.md,作者投稿語料，紀錄捷運偶遇與觀劇心得，原文由語島策展人蒐集,本文以細膩的口語敘事描寫一段陌生人搭話、觀劇經驗與自我反思。語氣誠懇，情感自然流動，展現城市生活中的偶然與情緒聯結。,,
00027,Yin Hou（三）,ixel,2025-05-18,2025-07-23,投稿語料|車站書寫|月臺風景|朋友重逢|都市片刻,CC-BY-NC-SA-4.0,text/家書與日記/00027_Yin_Hou_3.md,作者投稿語料，紀錄於臺中高鐵月臺與朋友相聚片段，原文由語島策展人蒐集,本文語氣靜謐深長，以高鐵月臺為景描繪時光流動與人際牽繫，具現代都市中詩性書寫的潛力與情緒節奏價值。,,
00028,Yin Hou（四）,ixel,2025-05-18,2025-07-23,投稿語料|數位書寫|日記反思|心情記錄|刪除與遺忘,CC-BY-NC-SA-4.0,text/家書與日記/00028_Yin_Hou_4.md,作者投稿語料，書寫日記消失與情緒刪除經驗，原文由語島策展人蒐集,本文以自省與幽微不安的語氣，記錄日記數位化後的保存與消逝經驗，展現書寫與心理隱私的張力，具語用與媒介素養研究潛力。,,
00029,Yin Hou（五）,ixel,2025-05-18,2025-07-23,投稿語料|都市記事|拖吊經驗|情緒書寫|友情記錄,CC-BY-NC-SA-4.0,text/家書與日記/00029_Yin_Hou_5.md,作者投稿語料，紀錄生活瑣事與突發事件，原文由語島策展人蒐集,本文以口語化筆記體敘事，描繪日常感激、突發拖吊與情緒起伏歷程。語氣真實自然，富情境與情緒曲線，具語料訓練多樣性價值。,,
00031,神豬好好思,胡語居士,2019-09-20,2025-07-23,客家文化|神豬祭祀|社群儀式|生命教育|飲食記憶,CC-BY-NC-SA-4.0,text/文化筆記/00031_神豬好好思.md,原載於作者個人文稿，描述中壢地區客家社群的中元節豬公祭祀經驗與文化反思,以個人記憶與家族經驗書寫神豬祭祀的生命直觀與社群連結，風格細膩深情,,
00032,便利商店不只是個服務業,黏黏,2015-12-06,2025-07-23,勞動書寫|服務業觀察|日常現場|超商文化,CC-BY-NC-SA-4.0,text/職場書寫/00032_便利商店不只是個服務業.md,作者親身工作經驗書寫，原始檔案提供自述文本,描述便利商店工作歷程與職場觀察，揭示服務業的多重角色與勞動價值,,
00033,教室日誌1,胡語居士,2019-12-02,2025-07-23,教學日誌|班級經營|課堂現場|師生互動,CC-BY-NC-SA-4.0,text/教室日誌/00033_教室日誌1.md,作者課後日誌自述，反思教學困境與學生回饋,書寫教學者在面對學生無力感時的反省與修正過程，語氣坦率內省，具高度現場參照價值,,
00034,臺灣學生與僑生對或的語義理解,黃仲義,2020-06-01,2025-07-23,語意理解|科學語言教育|邏輯語詞|跨語言比較|學生語言經驗,CC-BY-NC-SA-4.0,text/學術語體/00034_臺灣學生與僑生對或的語義理解.md,台東大學發表論文，分析臺灣學生與僑生對「或」在不同語境中的語義理解差異,系統性探討語言經驗對「或」之語義詮釋的影響，結合科學語言、語意分類與學生閱讀表現,,
00035,顯微鏡的構造和使用,黃仲義,2020-06-27,2025-07-23,教學設計|自然科學教材|實驗教學|儀器操作指導,CC-BY-NC-SA-4.0,text/教學教材/00035_顯微鏡的構造和使用.md,作者所撰教學實驗講義，針對顯微鏡構造與操作進行系統說明,結構清楚，兼具圖示與問題設計，適合作為顯微鏡教學之教材範例,,
00036,觀察洋蔥表皮細胞,黃仲義,2020-06-27,2025-07-23,教學設計|自然科學教材|實驗教學|細胞觀察,CC-BY-NC-SA-4.0,text/教學教材/00036_觀察洋蔥表皮細胞.md,作者所撰教學實驗講義，觀察植物細胞結構的經典教材,結構完整、引導清楚，適合教學現場實作細胞觀察活動,,
00038,科學問題？語言問題？還是科學語言問題？,黃仲義,2020-01-06,2025-07-23,語言與科學|僑生教育|閱讀理解|邏輯推理|科學教學,CC-BY-NC-SA-4.0,text/學術語體/00038_科學問題語言問題還是科學語言問題.md,科學教育與語言理解交叉研究，探討僑生在中英文與邏輯結構上的理解落差與教學建議,兼具量化分析與語言教育觀點，具高度跨領域語言教學與課程規劃參考價值,,
00039,作為多元語言進程的科學教與學,黃仲義,2020-08-21,2025-07-23,科學教育|多語言學習|語言理解|教育實踐|教學語言政策,CC-BY-NC-SA-4.0,text/學術語體/00039_作為多元語言進程的科學教與學.md,教育部語言與科技研究計畫成果，從語言本質出發反思科學教學的語言介入策略,反思科學學習中語言角色的多重面向，融合學理與實踐建議，具前瞻性課程規劃參考價值,,
00040,創新課程結合行動學習以生物學為例,黃仲義,2020-09-01,2025-07-23,行動學習|生物教學|課程設計|教學創新|僑生教育,CC-BY-NC-SA-4.0,text/教學教材/00040_創新課程結合行動學習以生物學為例.md,僑生行動學習課程實踐計畫書，結合Mobile Learning與Action Learning理念進行生物教學創新,兼具理論與實作，具高度教材應用參考價值,,
00041,給老師的一封信,越,2022-06-01,2025-07-23,學生書寫|離別感言|教師回饋|夜校青春,CC-BY-NC-SA-4.0,text/信件/00041_給老師的一封信.md,夜校畢業學生書寫給老師的感言信件,情感真摯自然，呈現學生三年學習與性格轉變歷程，具夜校語言書寫風格代表性,,
00042,排練室的魔法,胡語居士,2025-06-01,2025-07-23,身體書寫|成人舞者|表演經驗|群體共鳴|排練空間,CC-BY-NC-SA-4.0,text/文化筆記/00042_排練室的魔法.md,Facebook 發表帖文，記述成人芭蕾演出前排練的體感經驗與情緒歷程,結合芭蕾語彙與舞者視角的內在獨白，具高度感官敘事與集體夢境意象，適合作為身體經驗敘寫範例,,
00043,小強之亂,胡語居士,2023-06-28,2025-07-23,生活書寫|幽默敘事|居家災難|夫妻互動|蟑螂恐懼,CC-BY-NC-SA-4.0,text/家書與日記/00043_小強之亂.md,Facebook 發表生活貼文，敘述面對飛行蟑螂的混亂攻防過程,節奏明快語言幽默，具高共鳴的家庭災難喜劇敘事風格,,
00044,衝刺去看排球少年,胡語居士,2024-04-29,2025-07-23,生活書寫|電影觀後感|家庭對話|排球少年|青春熱血,CC-BY-NC-SA-4.0,text/家書與日記/00044_衝刺去看排球少年.md,Facebook 發表貼文，記述臨時觀影經歷與《排球少年》電影之觀後反思,具高度個人語感與觀影情境描寫，結合輕鬆家庭互動與動漫文本評論,,
00045,蟹粉湯包與高醋,胡語居士,2024-03-02,2025-07-23,飲食書寫|味覺記憶|老派食評|餐桌文學|鼎泰豐,CC-BY-NC-SA-4.0,text/文化筆記/飲食文化/00045_蟹粉湯包與高醋.md,Facebook 發表貼文，從唐魯孫與梁實秋作品出發，延伸個人味覺與歷史考據,兼具飲食文化筆記與個人經驗敘事，細膩綿密，具高度閱讀性與語料擴寫潛力,,
00046,自律的靈魂,胡語居士,2024-02-05,2025-07-23,旅行觀察|青春敘事|芭蕾|自律|日本經驗,CC-BY-NC-SA-4.0,text/旅行手札/00046_自律的靈魂.md,Facebook 發表貼文，描述日本電車上的觀察，從女孩的動作聯想到舞蹈與自我要求,敘事節奏細膩，觀察入微，具身體與情感的雙重投射視角,,
00047,麵包的正義,胡語居士,2023-01-02,2025-07-23,飲食批評|麵包文化|味覺書寫|加工食品|飲食觀察,CC-BY-NC-SA-4.0,text/文化筆記/飲食文化/00047_麵包的正義.md,Facebook 發表貼文，批判台灣麵包過度依賴餡料，並呼籲重視麵團本身的風味,結合日常經驗與飲食批判觀點，筆鋒直率，具深度風味與文化辨識意識,,
00048,方格與失重,胡語居士,2022-09-13,2025-07-23,身體經驗|睡眠感知|觸覺書寫|內在空間|感官敘事,CC-BY-NC-SA-4.0,text/身體書寫/00048_方格與失重.md,Facebook 發表貼文，描述臨睡前觸覺放大的經驗與象徵性對應,描寫感官變形與心理空間重建，具詩意與哲思潛力，風格安靜內斂,,
00049,大鞋課與核心肌群,胡語居士,2022-06-25,2025-07-23,芭蕾|身體書寫|自我覺察|運動經驗|舞蹈訓練,CC-BY-NC-SA-4.0,text/身體書寫/00049_大鞋課與核心肌群.md,Facebook 發表貼文，記述芭蕾輔具「大鞋」課程體驗與身體覺察過程,描寫身體感知與訓練歷程，具高度個人經驗與芭蕾視角的身體書寫,,
00050,阿修羅修行日記,胡語居士,2022-06-09,2025-07-23,教育現場|對話紀錄|師生互動,CC-BY-NC-SA-4.0,text/教室日誌/00050_阿修羅修行日記_clean2.md,Facebook 發表貼文,教師日常中三場對話場景，語句原貌保存,,
00051,我的小叔叔,胡語居士,2022-04-05,2025-07-23,家族記憶|失落書寫|親屬關係|夜校觀察|清明,CC-BY-NC-SA-4.0,text/家族書寫/00051_我的小叔叔.md,Facebook 發表貼文,由童年記憶延伸至師生關係的深層省思，情感內斂深刻,,
00052,遇見自己的2021,胡語居士,2021-12-31,2025-07-23,年終書寫|芭蕾|自我認識|身體轉變|心理歷程,CC-BY-NC-SA-4.0,text/身體書寫/00052_遇見自己的2021.md,Facebook 發表貼文,從身體轉化書寫心理覺醒歷程，交織運動與療癒語感,,
00053,武忠老師的信,賴武忠,2002-05-22,2025-07-23,畢業贈言|師生情誼|教師書信,CC-BY-NC-SA-4.0,text/信件/00053_武忠老師的信.md,高三九班畢業贈言，教師寫給全班的信,情感真摯，語帶口語與激勵，呈現教師角色的溫柔與責任,pending_family_consent,
00054,張掖冬日,胡語居士,2011-08-03,2025-07-23,田野調查|張掖|方言紀錄|冬日記憶,CC-BY-NC-SA-4.0,text/旅行手札/00054_張掖冬日.md,田野調查日誌，描寫與張掖當地人相遇的經過與方言調查經驗,筆觸溫厚誠摯，描繪張掖冬日與人物互動細節，具田野觀察與文化書寫雙重價值,,
00055,北京的山西刀削麵,胡語居士,2011-12-31,2025-07-23,生活觀察|飲食文化|北京生活,CC-BY-NC-SA-4.0,text/旅行手札/00055_北京的山西刀削麵.md,北大生活書寫,記述北京冬日生活細節與街頭小吃人情，語氣溫潤，富生活感,,
00056,郭元益婚紗心得,胡語居士,2012-10-17,2025-07-23,婚紗攝影|消費經驗|婚禮籌備,CC-BY-NC-SA-4.0,text/消費經驗/00056_郭元益婚紗心得.md,原始為PTT貼文整理稿,詳實記錄婚紗店選擇與拍攝經驗，具消費經驗書寫與比較價值,,
00059,雪地之光,胡語居士,2010-09-26,2025-07-23,極短篇|小說|情感書寫,CC-BY-NC-SA-4.0,text/小說創作/00059_雪地之光.md,原創作品，未曾公開發表,私人極短篇小說，描寫少女內心的情感流動與追隨心理,,
00060,從陌生到熟悉,胡語居士,2022-08-15,,文化筆記|宜蘭|地景書寫|時代變遷|情感回溯,CC-BY-NC-SA-4.0,text/文化筆記/00060_從陌生到熟悉.md,自創原文,本文透過回憶與對照，描寫作者從都市遷居宜蘭後，對當地自然、文化與變遷風貌的觀察與感懷。語氣溫婉中帶有批判與鄉愁，具高度地景敘事價值與語氣記錄意義。,,
00061,教師羽球賽的意外重逢,胡語居士,2010-06-19,2026-04-21,羽球|師大|體育班|運動|舊識|回憶,CC-BY-NC-SA-4.0,text/身體書寫/00061_教師羽球賽的意外重逢.md,Facebook 個人貼文,,,
00062,山東大叔與聲韻學,胡語居士,2010-11-25,2026-04-21,漢語史|聲韻學|反切|師大|語言學|課堂觀察,CC-BY-NC-SA-4.0,text/教室日誌/00062_山東大叔與聲韻學.md,Facebook 個人貼文,,,
00063,整理舊信,胡語居士,2011-02-01,2026-04-21,書信|過年|記憶|友誼|手寫信|舊物,CC-BY-NC-SA-4.0,text/家書與日記/00063_整理舊信.md,Facebook 個人貼文,,,
00064,四川自助行程規劃,胡語居士,2011-08-15,2026-04-21,四川|九寨溝|成都|自助旅遊|行程規劃,CC-BY-NC-SA-4.0,text/旅行手札/00064_四川自助行程規劃.md,Facebook 個人貼文,,,
00065,天篷元帥嗆麵,胡語居士,2011-12-16,2026-04-21,師大|甘泉魚麵|師大夜市|飲食|懷舊,CC-BY-NC-SA-4.0,text/消費經驗/00065_天篷元帥嗆麵.md,Facebook 個人貼文,,,
00066,大陸朋友的作文習題,胡語居士,2012-04-24,2026-04-21,作文|議論文|兩岸差異|寫作|網路交友,CC-BY-NC-SA-4.0,text/文化筆記/00066_大陸朋友的作文習題.md,Facebook 個人貼文,,,
00067,段玉裁的渴望,胡語居士,2012-04-28,2026-04-21,段玉裁|古韻|聲韻學|說文解字|漢語史|學術研究,CC-BY-NC-SA-4.0,text/文化筆記/00067_段玉裁的渴望.md,Facebook 個人貼文,,,
00068,小學的糾察隊,胡語居士,2012-05-02,2026-04-21,小學|童年|回憶|校規|糾察隊|同學,CC-BY-NC-SA-4.0,text/家書與日記/00068_小學的糾察隊.md,Facebook 個人貼文,,,
00069,韓寒與獨唱團,胡語居士,2012-05-04,2026-04-21,韓寒|獨唱團|文學雜誌|兩岸文化|小說|文學評論,CC-BY-NC-SA-4.0,text/文化筆記/00069_韓寒與獨唱團.md,Facebook 個人貼文,,,
00070,我相信世界上有鬼神,胡語居士,2012-05-28,2026-04-21,民間信仰|文昌君|考試|傳統信仰|實力,CC-BY-NC-SA-4.0,text/文化筆記/00070_我相信世界上有鬼神.md,Facebook 個人貼文,,,
00071,黃金獵犬與哈士奇,胡語居士,2012-06-14,2026-04-21,狗|黃金獵犬|哈士奇|飲食|生命|溫柔|棄犬,CC-BY-NC-SA-4.0,text/消費經驗/00071_黃金獵犬與哈士奇.md,Facebook 個人貼文,,,
00072,整理舊書,胡語居士,2012-07-17,2026-04-21,書|感情|回憶|成長|自我認同|整理,CC-BY-NC-SA-4.0,text/家書與日記/00072_整理舊書.md,Facebook 個人貼文,,,
00073,林老師的那張臉,胡語居士,2012-08-11,2026-04-21,教學反思|國中|林老師|書法|認同感|師生關係,CC-BY-NC-SA-4.0,text/教室日誌/00073_林老師的那張臉.md,Facebook 個人貼文,,,
00074,拜訪朋友的家,胡語居士,2012-08-29,2026-04-21,友誼|家|記憶|時間|過往|觀察,CC-BY-NC-SA-4.0,text/家書與日記/00074_拜訪朋友的家.md,Facebook 個人貼文,,,
00075,高一戀愛三方監控,胡語居士,2012-11-15,2026-04-21,學生|戀愛|輔導|青少年|情感教育,CC-BY-NC-SA-4.0,text/教室日誌/00075_高一戀愛三方監控.md,Facebook 個人貼文,,,
00076,廢除外語畢業門檻有感,胡語居士,2012-11-17,2026-04-21,師大|畢業門檻|外語能力|教育政策|研究所,CC-BY-NC-SA-4.0,text/家書與日記/00076_廢除外語畢業門檻有感.md,Facebook 個人貼文,,,
00077,兩雙破鞋湊一雙,胡語居士,2012-12-29,2026-04-21,羽球|朋友|日常|幽默|家人,CC-BY-NC-SA-4.0,text/家書與日記/00077_兩雙破鞋湊一雙.md,Facebook 個人貼文,,,
00078,學生的兩百萬計畫,胡語居士,2013-01-03,2026-04-21,學生作文|教學|公益|慈善,CC-BY-NC-SA-4.0,text/教室日誌/00078_學生的兩百萬計畫.md,Facebook 個人貼文,,,
00079,考砸一科的收穫,胡語居士,2013-01-22,2026-04-21,學生輔導|戀愛|考試|家長|情感教育,CC-BY-NC-SA-4.0,text/教室日誌/00079_考砸一科的收穫.md,Facebook 個人貼文,,,
00080,校刊社的被動與熱情,胡語居士,2013-03-01,2026-04-21,校刊社|社團|學生|指導老師|刊物|反思,CC-BY-NC-SA-4.0,text/教室日誌/00080_校刊社的被動與熱情.md,Facebook 個人貼文,,,
00081,社長的好大喜功,胡語居士,2013-03-09,2026-04-21,校刊社|社長|寫作|師生關係|代筆,CC-BY-NC-SA-4.0,text/教室日誌/00081_社長的好大喜功.md,Facebook 個人貼文,,,
00082,一兆年後的子孫,胡語居士,2013-03-14,2026-04-21,學生|作文|家書|幽默,CC-BY-NC-SA-4.0,text/教室日誌/00082_一兆年後的子孫.md,Facebook 個人貼文,,,
00083,學妹慶生風波,胡語居士,2013-06-07,2026-04-21,導師|學生|教師倫理|關懷|教學反思,CC-BY-NC-SA-4.0,text/教室日誌/00083_學妹慶生風波.md,Facebook 個人貼文,,,
00084,那一車的烈日與課本,胡語居士,2013-06-13,2026-04-21,父親|課本|童年|國小|記憶|暑假,CC-BY-NC-SA-4.0,text/家書與日記/00084_那一車的烈日與課本.md,Facebook 個人貼文,,,
00085,狂讚謬讚法與夜校學生,胡語居士,2013-09-13,2026-04-22,教室日誌|夜校|師生互動|教學觀察|課堂記錄|正向鼓勵,CC-BY-NC-SA-4.0,text/教室日誌/00085_狂讚謬讚法與夜校學生.md,Facebook 個人貼文,,,
00086,週二週三的通勤苦旅,胡語居士,2013-09-24,2026-04-22,教師生活|宜蘭|通勤|職場書寫|研究生|身心疲憊,CC-BY-NC-SA-4.0,text/職場書寫/00086_週二週三的通勤苦旅.md,Facebook 個人貼文,,,
00087,鴻門宴電影的亂演,胡語居士,2013-11-22,2026-04-22,文化筆記|電影評論|鴻門宴|歷史改編|古典文學|教材選用,CC-BY-NC-SA-4.0,text/文化筆記/00087_鴻門宴電影的亂演.md,Facebook 個人貼文,,,
00088,宜蘭外地打拚的不易,胡語居士,2013-12-09,2026-04-22,職場書寫|宜蘭|租屋|異地生活|外地打拚|教師生活,CC-BY-NC-SA-4.0,text/職場書寫/00088_宜蘭外地打拚的不易.md,Facebook 個人貼文,,,
00089,情緒問題不是是非問題,胡語居士,2013-12-24,2026-04-22,情感書寫|人際關係|情緒|溝通|觀點書寫|生活感悟,CC-BY-NC-SA-4.0,text/家書與日記/00089_情緒問題不是是非問題.md,Facebook 個人貼文,,,
00090,那個再也醒不來的學生,胡語居士,2014-01-23,2026-04-22,教室日誌|師生情感|交通事故|生死|學生|教師感悟,CC-BY-NC-SA-4.0,text/教室日誌/00090_那個再也醒不來的學生.md,Facebook 個人貼文,,,
00091,宜蘭的日常審視,胡語居士,2014-02-14,2026-04-22,宜蘭|異地生活|飲食|日常觀察|在地生活|旅行手札,CC-BY-NC-SA-4.0,text/旅行手札/00091_宜蘭的日常審視.md,Facebook 個人貼文,,,
00092,台灣媒體的墮落,胡語居士,2014-02-26,2026-04-22,媒體觀察|文化筆記|新聞自由|台灣媒體|社會批評|蘋果日報,CC-BY-NC-SA-4.0,text/文化筆記/00092_台灣媒體的墮落.md,Facebook 個人貼文,,,
00093,同袍之誼與班長的媽媽,胡語居士,2014-03-15,2026-04-22,教室日誌|師生互動|詩經|課堂對話|幽默|文言文教學,CC-BY-NC-SA-4.0,text/教室日誌/00093_同袍之誼與班長的媽媽.md,Facebook 個人貼文,,,
00094,那個過動的孩子,胡語居士,2014-03-20,2026-04-22,教室日誌|特殊生|師生情感|教學觀察|過動|特教,CC-BY-NC-SA-4.0,text/教室日誌/00094_那個過動的孩子.md,Facebook 個人貼文,,,
00095,3D列印與人體器官,胡語居士,2014-05-07,2026-04-22,科技觀察|3D列印|醫療科技|社會議題|文化筆記|未來趨勢,CC-BY-NC-SA-4.0,text/文化筆記/00095_3D列印與人體器官.md,Facebook 個人貼文,,,
00096,找學生談話的收穫,胡語居士,2014-05-16,2026-04-22,教室日誌|師生互動|行政教師|學生輔導|課業輔導|教學觀察,CC-BY-NC-SA-4.0,text/教室日誌/00096_找學生談話的收穫.md,Facebook 個人貼文,,,
00097,診所裡的媽媽與孩子,胡語居士,2014-05-24,2026-04-22,育兒觀察|親子關係|公共空間|身體書寫|生活觀察|兒童教養,CC-BY-NC-SA-4.0,text/身體書寫/00097_診所裡的媽媽與孩子.md,Facebook 個人貼文,,,
00098,當老師要有心理準備,胡語居士,2014-05-26,2026-04-22,教室日誌|師培|教師甘苦|教育現場|職場書寫|學生關係,CC-BY-NC-SA-4.0,text/教室日誌/00098_當老師要有心理準備.md,Facebook 個人貼文,,,
00099,行政與教學的角色拉扯,胡語居士,2014-06-09,2026-04-22,職場書寫|行政教師|角色認同|教師生涯|職場觀察|自我反思,CC-BY-NC-SA-4.0,text/職場書寫/00099_行政與教學的角色拉扯.md,Facebook 個人貼文,,,
00100,期末教學自我檢討,胡語居士,2014-06-23,2026-04-22,教室日誌|教學檢討|師生關係|自我反思|職場書寫|教師生涯,CC-BY-NC-SA-4.0,text/教室日誌/00100_期末教學自我檢討.md,Facebook 個人貼文,,,
00101,宗教、田調與排他性,胡語居士,2014-06-27,2026-04-22,宗教|田野調查|廣西|文化筆記|信仰|人類學,CC-BY-NC-SA-4.0,text/文化筆記/00101_宗教、田調與排他性.md,Facebook 個人貼文,,,
00102,代理老師的英勇事蹟,胡語居士,2014-07-04,2026-04-22,教室日誌|代理教師|教學現場|職場書寫|師資管理|同事觀察,CC-BY-NC-SA-4.0,text/教室日誌/00102_代理老師的英勇事蹟.md,Facebook 個人貼文,,,
00103,阿公的照片,胡語居士,2014-09-03,2026-04-22,家族書寫|祖父|記憶|家族史|照片|代間書寫,CC-BY-NC-SA-4.0,text/家族書寫/00103_阿公的照片.md,Facebook 個人貼文,,,
00104,開學第一天的凍止時光,胡語居士,2014-09-10,2026-04-22,職場書寫|研究所|田調|師大|開學|時間感,CC-BY-NC-SA-4.0,text/職場書寫/00104_開學第一天的凍止時光.md,Facebook 個人貼文,,,
00105,現代德行需要彈性,胡語居士,2014-09-12,2026-04-22,觀點書寫|社會觀察|道德|現代性|生活感悟|人際關係,CC-BY-NC-SA-4.0,text/家書與日記/00105_現代德行需要彈性.md,Facebook 個人貼文,,,
00106,宜蘭大雨與落湯雞的日常,胡語居士,2014-09-26,2026-04-22,宜蘭|天氣|日常生活|異地生活|旅行手札|生活觀察,CC-BY-NC-SA-4.0,text/旅行手札/00106_宜蘭大雨與落湯雞的日常.md,Facebook 個人貼文,,,
00107,傢私散落在三地,胡語居士,2014-10-12,2026-04-22,搬家|生活感悟|宜蘭|家庭|日常書寫|物件記憶,CC-BY-NC-SA-4.0,text/家書與日記/00107_傢私散落在三地.md,Facebook 個人貼文,,,
00108,婚禮上的時間感,胡語居士,2014-10-21,2026-04-22,婚禮|同學情誼|時間感|生命記憶|家族書寫|人際關係,CC-BY-NC-SA-4.0,text/家書與日記/00108_婚禮上的時間感.md,Facebook 個人貼文,,,
00109,生命的分裂,胡語居士,2014-10-28,2026-04-22,職場書寫|身份認同|教學與研究|研究所|生命分裂|自我反思,CC-BY-NC-SA-4.0,text/職場書寫/00109_生命的分裂.md,Facebook 個人貼文,,,
00110,陳新雄老師的聲韻課,胡語居士,2014-10-30,2026-04-22,聲韻學|學術語體|師承|陳新雄|語言學|師大,CC-BY-NC-SA-4.0,text/學術語體/00110_陳新雄老師的聲韻課.md,Facebook 個人貼文,,,
00111,包容成年學生的不成熟,胡語居士,2014-11-14,2026-04-22,教室日誌|夜校|成人教育|師生關係|教學困境|職場書寫,CC-BY-NC-SA-4.0,text/教室日誌/00111_包容成年學生的不成熟.md,Facebook 個人貼文,,,
00112,林口的房子賣掉了,胡語居士,2014-11-26,2026-04-22,房產|宜蘭|生活轉換|家庭|日常書寫|感恩,CC-BY-NC-SA-4.0,text/家書與日記/00112_林口的房子賣掉了.md,Facebook 個人貼文,,,
00113,寒流中的宜蘭生活,胡語居士,2014-12-05,2026-04-22,宜蘭|冬天|寒流|異地生活|日常書寫|旅行手札,CC-BY-NC-SA-4.0,text/旅行手札/00113_寒流中的宜蘭生活.md,Facebook 個人貼文,,,
00114,高三學思達日記,胡語居士,2014-12-11,2026-04-22,教室日誌|學思達|教學方法|高三|課堂紀錄|教學觀察,CC-BY-NC-SA-4.0,text/教室日誌/00114_高三學思達日記.md,Facebook 個人貼文,,,
00115,說台語的一年級學生,胡語居士,2015-01-20,2026-04-22,教室日誌|師生互動|台語|語言|學生觀察|夜校,CC-BY-NC-SA-4.0,text/教室日誌/00115_說台語的一年級學生.md,Facebook 個人貼文,,,
00116,夜校春聯揮毫,胡語居士,2015-01-23,2026-04-22,教室日誌|書法|春聯|夜校|課外活動|教學現場,CC-BY-NC-SA-4.0,text/教室日誌/00116_夜校春聯揮毫.md,Facebook 個人貼文,,,
00117,夜幕低垂的貓詩,胡語居士,2015-02-10,2026-04-22,散文詩|貓|日常書寫|宜蘭|生活感悟|身體書寫,CC-BY-NC-SA-4.0,text/家書與日記/00117_夜幕低垂的貓詩.md,Facebook 個人貼文,,,
00118,備課備出詩的味道,胡語居士,2015-03-21,2026-04-22,教室日誌|詩歌教學|備課|文學教育|職場書寫|教師成長,CC-BY-NC-SA-4.0,text/教室日誌/00118_備課備出詩的味道.md,Facebook 個人貼文,,,
00119,休學三次的學生,胡語居士,2015-03-25,2026-04-22,教室日誌|學生輔導|師生互動|問題學生|教師關懷|教學觀察,CC-BY-NC-SA-4.0,text/教室日誌/00119_休學三次的學生.md,Facebook 個人貼文,,,
00120,陳新雄老師八秩誕辰論文會,胡語居士,2015-03-27,2026-04-22,學術語體|聲韻學|陳新雄|師大|語言學|學術傳承,CC-BY-NC-SA-4.0,text/學術語體/00120_陳新雄老師八秩誕辰論文會.md,Facebook 個人貼文,,,
00121,清明節的貓與日記,胡語居士,2015-04-05,2026-04-22,家書與日記|貓|清明節|日常書寫|生活觀察|節氣,CC-BY-NC-SA-4.0,text/家書與日記/00121_清明節的貓與日記.md,Facebook 個人貼文,,,
00122,廉恥課的男方四劍客,胡語居士,2015-04-14,2026-04-22,教室日誌|師生互動|廉恥|課堂對話|幽默|文言文教學,CC-BY-NC-SA-4.0,text/教室日誌/00122_廉恥課的男方四劍客.md,Facebook 個人貼文,,,
00123,生物課的霸凌記憶,胡語居士,2015-04-24,2026-04-22,家書與日記|霸凌|成長記憶|國中|生命書寫|教育省思,CC-BY-NC-SA-4.0,text/家書與日記/00123_生物課的霸凌記憶.md,Facebook 個人貼文,,,
00124,教專把我搞得火大,胡語居士,2015-04-28,2026-04-22,職場書寫|教師專業發展|行政壓力|職場觀察|教育政策|自我反思,CC-BY-NC-SA-4.0,text/職場書寫/00124_教專把我搞得火大.md,Facebook 個人貼文,,,
00125,聊電玩的學生,胡語居士,2015-05-12,2026-04-22,教室日誌|師生互動|電玩|夜校|學生觀察|課後聊天,CC-BY-NC-SA-4.0,text/教室日誌/00125_聊電玩的學生.md,Facebook 個人貼文,,,
00126,導師賴武忠逝世一週年,胡語居士,2015-05-13,2026-04-22,家族書寫|師恩|悼念|成長記憶|高中|人際情感,CC-BY-NC-SA-4.0,text/家族書寫/00126_導師賴武忠逝世一週年.md,Facebook 個人貼文,,,
00127,藏漢語課與辛勉老師的論文,胡語居士,2015-05-16,2026-04-22,學術語體|藏漢語|聲韻學|師大|語言學|學術傳承,CC-BY-NC-SA-4.0,text/學術語體/00127_藏漢語課與辛勉老師的論文.md,Facebook 個人貼文,,,
00128,逾三十後的小病痛,胡語居士,2015-05-19,2026-04-22,身體書寫|過敏|老化|身體感|日常書寫|生活觀察,CC-BY-NC-SA-4.0,text/身體書寫/00128_逾三十後的小病痛.md,Facebook 個人貼文,,,
00129,三十多歲的告別式,胡語居士,2015-05-27,2026-04-22,家書與日記|死亡|告別式|生命感悟|同學情誼|生死書寫,CC-BY-NC-SA-4.0,text/家書與日記/00129_三十多歲的告別式.md,Facebook 個人貼文,,,
00130,重做紅樓夢講義,胡語居士,2015-05-28,2026-04-22,教室日誌|紅樓夢|教學設計|文學教育|備課|課堂觀察,CC-BY-NC-SA-4.0,text/教室日誌/00130_重做紅樓夢講義.md,Facebook 個人貼文,,,
00131,謝師宴上的角色扮演,胡語居士,2015-06-01,2026-04-22,教室日誌|謝師宴|師生情感|畢業|高三|教師角色,CC-BY-NC-SA-4.0,text/教室日誌/00131_謝師宴上的角色扮演.md,Facebook 個人貼文,,,
00132,瀟湘館的學思達課堂,胡語居士,2015-06-02,2026-04-22,教室日誌|紅樓夢|學思達|課堂觀察|文學教育|教學方法,CC-BY-NC-SA-4.0,text/教室日誌/00132_瀟湘館的學思達課堂.md,Facebook 個人貼文,,,
00133,博物館驚魂夜,胡語居士,2015-06-05,2026-04-22,教室日誌|校外教學|突發狀況|師生互動|高三|課外活動,CC-BY-NC-SA-4.0,text/教室日誌/00133_博物館驚魂夜.md,Facebook 個人貼文,,,
00134,師大附近的畢業季日記,胡語居士,2015-06-10,2026-04-22,家書與日記|師大|畢業季|日常書寫|城市書寫|生活感悟,CC-BY-NC-SA-4.0,text/家書與日記/00134_師大附近的畢業季日記.md,Facebook 個人貼文,,,
00135,論語的道德感與現代法律,胡語居士,2015-06-13,2026-04-22,教室日誌|論語|道德教育|法律|文言文教學|課堂觀察,CC-BY-NC-SA-4.0,text/教室日誌/00135_論語的道德感與現代法律.md,Facebook 個人貼文,,,
00136,劉姥姥逛大觀園的學思達,胡語居士,2015-06-16,2026-04-22,教室日誌|紅樓夢|劉姥姥|學思達|課堂觀察|文學教育,CC-BY-NC-SA-4.0,text/教室日誌/00136_劉姥姥逛大觀園的學思達.md,Facebook 個人貼文,,,
00137,智永楷書與國語文競賽,胡語居士,2015-06-22,2026-04-22,教室日誌|書法|智永|楷書|國語文競賽|教學觀察,CC-BY-NC-SA-4.0,text/教室日誌/00137_智永楷書與國語文競賽.md,Facebook 個人貼文,,,
00138,Toli的飲水記,胡語居士,2015-06-24,2026-04-22,家書與日記|貓|寵物|日常書寫|尿結石|生活觀察,CC-BY-NC-SA-4.0,text/家書與日記/00138_Toli的飲水記.md,Facebook 個人貼文,,,
00139,豪華進香團遊輪記,胡語居士,2015-07-04,2026-04-22,旅行手札|遊輪|台灣人|旅遊觀察|生活感悟|幽默,CC-BY-NC-SA-4.0,text/旅行手札/00139_豪華進香團遊輪記.md,Facebook 個人貼文,,,
00140,吐瓦魯的語言田調,胡語居士,2015-07-04,2026-04-22,學術語體|語言田調|吐瓦魯|南島語言|邦交國|語言學,CC-BY-NC-SA-4.0,text/學術語體/00140_吐瓦魯的語言田調.md,Facebook 個人貼文,,,
00141,北大博論與我的碩論大綱,胡語居士,2015-07-06,2026-04-22,學術語體|論文|北京大學|研究倫理|聲韻學|學術競爭,CC-BY-NC-SA-4.0,text/學術語體/00141_北大博論與我的碩論大綱.md,Facebook 個人貼文,,,
00142,台北羽球公開賽觀賽記,胡語居士,2015-07-18,2026-04-22,身體書寫|羽球|林丹|運動書寫|觀賽|台北,CC-BY-NC-SA-4.0,text/身體書寫/00142_台北羽球公開賽觀賽記.md,Facebook 個人貼文,,,
00143,林丹的賽前暖身,胡語居士,2015-07-20,2026-04-22,身體書寫|羽球|林丹|運動觀察|職業選手|暖身,CC-BY-NC-SA-4.0,text/身體書寫/00143_林丹的賽前暖身.md,Facebook 個人貼文,,,
00144,看著自己的硬筆字越發覺得醜,胡語居士,2015-07-30,2026-04-22,身體書寫|硬筆字|書法|自我要求|練字|審美,CC-BY-NC-SA-4.0,text/身體書寫/00144_看著自己的硬筆字越發覺得醜.md,Facebook 個人貼文,,,
00145,颱風夜淹水與叭噗,胡語居士,2015-08-08,2026-04-22,家書與日記|颱風|淹水|宜蘭|貓|日常書寫,CC-BY-NC-SA-4.0,text/家書與日記/00145_颱風夜淹水與叭噗.md,Facebook 個人貼文,,,
00146,接後母班的心情,胡語居士,2015-08-10,2026-04-22,職場書寫|導師|後母班|夜校|教師生涯|職場觀察,CC-BY-NC-SA-4.0,text/職場書寫/00146_接後母班的心情.md,Facebook 個人貼文,,,
00147,達文西展的展覽手法,胡語居士,2015-08-26,2026-04-22,文化筆記|展覽|達文西|策展手法|藝術|觀展記,CC-BY-NC-SA-4.0,text/文化筆記/00147_達文西展的展覽手法.md,Facebook 個人貼文,,,
00148,週記的難題：敘利亞與我們,胡語居士,2015-09-09,2026-04-22,教室日誌|週記|敘利亞|難民|公民教育|課堂設計,CC-BY-NC-SA-4.0,text/教室日誌/00148_週記的難題：敘利亞與我們.md,Facebook 個人貼文,,,
00149,柳絮因風起的教學困境,胡語居士,2015-09-11,2026-04-22,教室日誌|古文教學|謝道韞|文言文|備課|教學設計,CC-BY-NC-SA-4.0,text/教室日誌/00149_柳絮因風起的教學困境.md,Facebook 個人貼文,,,
00150,神隱少女的成長閱讀,胡語居士,2015-09-16,2026-04-22,文化筆記|神隱少女|宮崎駿|動畫|文化書寫|成長觀點,CC-BY-NC-SA-4.0,text/文化筆記/00150_神隱少女的成長閱讀.md,Facebook 個人貼文,,,
00151,狀況差到極致的一年級,胡語居士,2015-09-23,2026-04-22,教室日誌|課堂秩序|夜校|師生互動|教學困境|課堂管理,CC-BY-NC-SA-4.0,text/教室日誌/00151_狀況差到極致的一年級.md,Facebook 個人貼文,,,
00152,路燈暗掉的宜蘭夜晚,胡語居士,2015-10-01,2026-04-22,旅行手札|宜蘭|夜晚|颱風|異地生活|城市觀察,CC-BY-NC-SA-4.0,text/旅行手札/00152_路燈暗掉的宜蘭夜晚.md,Facebook 個人貼文,,,
00153,聰明過了頭的一年級生,胡語居士,2015-10-13,2026-04-22,教室日誌|學生觀察|聰明|課堂互動|師生關係|教學觀察,CC-BY-NC-SA-4.0,text/教室日誌/00153_聰明過了頭的一年級生.md,Facebook 個人貼文,,,
00154,後母班的排擠問題,胡語居士,2015-10-24,2026-04-22,教室日誌|班級經營|排擠|同儕關係|後母班|學生輔導,CC-BY-NC-SA-4.0,text/教室日誌/00154_後母班的排擠問題.md,Facebook 個人貼文,,,
00155,騎單車的國中鄰居,胡語居士,2015-11-10,2026-04-22,家書與日記|鄰居|單車|宜蘭|租屋生活|人際觀察,CC-BY-NC-SA-4.0,text/家書與日記/00155_騎單車的國中鄰居.md,Facebook 個人貼文,,,
00156,松伯來訪的下午,胡語居士,2015-11-28,2026-04-22,職場書寫|同事情誼|教學無力感|職場支持|友情|教師生涯,CC-BY-NC-SA-4.0,text/職場書寫/00156_松伯來訪的下午.md,Facebook 個人貼文,,,
00157,慢熱導師的挑戰,胡語居士,2015-12-02,2026-04-22,教室日誌|導師|班級經營|師生關係|性格書寫|職場書寫,CC-BY-NC-SA-4.0,text/教室日誌/00157_慢熱導師的挑戰.md,Facebook 個人貼文,,,
00158,段考後辦公室門口的風波,胡語居士,2015-12-04,2026-04-22,教室日誌|段考|師生互動|課堂秩序|幽默|學生觀察,CC-BY-NC-SA-4.0,text/教室日誌/00158_段考後辦公室門口的風波.md,Facebook 個人貼文,,,
00159,當了導師的這半年,胡語居士,2015-12-15,2026-04-22,職場書寫|導師|成長反思|溝通|教師生涯|年末感悟,CC-BY-NC-SA-4.0,text/職場書寫/00159_當了導師的這半年.md,Facebook 個人貼文,,,
00160,大人的零食,胡語居士,2016-01-14,2026-04-22,消費經驗|零食|成人品味|生活觀察|飲食文化|日常書寫,CC-BY-NC-SA-4.0,text/消費經驗/00160_大人的零食.md,Facebook 個人貼文,,,
00161,豬小排餐廳評論,胡語居士,2016-03-06,2026-04-22,消費經驗|餐廳評論|豬小排|飲食書寫|消費觀察|服務品質,CC-BY-NC-SA-4.0,text/消費經驗/00161_豬小排餐廳評論.md,Facebook 個人貼文,,,
00162,始得西山宴遊記的第四版講義,胡語居士,2016-03-11,2026-04-22,教室日誌|學思達|古文教學|備課|課堂設計|教學日記,CC-BY-NC-SA-4.0,text/教室日誌/00162_始得西山宴遊記的第四版講義.md,Facebook 個人貼文,,,
00163,臭臉老師與齒列矯正,胡語居士,2016-04-29,2026-04-22,身體書寫|師生互動|外貌|齒列矯正|幽默|自我書寫,CC-BY-NC-SA-4.0,text/身體書寫/00163_臭臉老師與齒列矯正.md,Facebook 個人貼文,,,
00164,我的學生不帶筆,胡語居士,2016-05-05,2026-04-22,教室日誌|課堂管理|學生觀察|校規|教學困境|幽默,CC-BY-NC-SA-4.0,text/教室日誌/00164_我的學生不帶筆.md,Facebook 個人貼文,,,
00165,郁離子詬食的主動半分課,胡語居士,2016-05-07,2026-04-22,教室日誌|學思達|郁離子|古文教學|課堂設計|教學日記,CC-BY-NC-SA-4.0,text/教室日誌/00165_郁離子詬食的主動半分課.md,Facebook 個人貼文,,,
00166,畢業典禮的記憶,胡語居士,2016-05-30,2026-04-22,家書與日記|畢業典禮|家人|成長記憶|師大|人生回顧,CC-BY-NC-SA-4.0,text/家書與日記/00166_畢業典禮的記憶.md,Facebook 個人貼文,,,
00167,世界上唯一懂西夏語的人,胡語居士,2016-07-12,2026-04-22,職場書寫|龔煌城|西夏語|語言學|師承|學術感懷,CC-BY-NC-SA-4.0,text/職場書寫/00167_世界上唯一懂西夏語的人.md,Facebook 個人貼文,,,
00168,馬祖大霧改搭渡輪記,胡語居士,2016-07-19,2026-04-22,旅行手札|馬祖|渡輪|天候|旅途意外|離島,CC-BY-NC-SA-4.0,text/旅行手札/00168_馬祖大霧改搭渡輪記.md,Facebook 個人貼文,,,
00169,去蔡宗陽老師家搬書,胡語居士,2016-08-17,2026-04-22,職場書寫|蔡宗陽|師恩|藏書|青田街|悼念,CC-BY-NC-SA-4.0,text/職場書寫/00169_去蔡宗陽老師家搬書.md,Facebook 個人貼文,,,
00170,文言文翻白話的不快,胡語居士,2016-09-01,2026-04-22,職場書寫|文言文|白話文|語文教育|社會批評|觀點書寫,CC-BY-NC-SA-4.0,text/職場書寫/00170_文言文翻白話的不快.md,Facebook 個人貼文,,,
00171,設計師噴環氧樹脂到半夜,胡語居士,2016-09-22,2026-04-22,家書與日記|裝潢|夫妻生活|居家|日常書寫|生活觀察,CC-BY-NC-SA-4.0,text/家書與日記/00171_設計師噴環氧樹脂到半夜.md,Facebook 個人貼文,,,
00172,什麼都不會的國文老師,胡語居士,2016-11-11,2026-04-22,教室日誌|師生互動|教師形象|幽默|課堂對話|職場書寫,CC-BY-NC-SA-4.0,text/教室日誌/00172_什麼都不會的國文老師.md,Facebook 個人貼文,,,
00173,新官上任的合唱比賽焦慮,胡語居士,2016-11-17,2026-04-22,職場書寫|合唱比賽|行政教師|焦慮|班級經營|課外活動,CC-BY-NC-SA-4.0,text/職場書寫/00173_新官上任的合唱比賽焦慮.md,Facebook 個人貼文,,,
00174,沒教的班級讓我不高興,胡語居士,2016-12-22,2026-04-22,教室日誌|高一|師生關係|課堂秩序|教師情緒|職場書寫,CC-BY-NC-SA-4.0,text/教室日誌/00174_沒教的班級讓我不高興.md,Facebook 個人貼文,,,
00175,愛找學生碴的班導代理,胡語居士,2014-05-17,2026-04-22,教學現場|師生關係|行政職|學生輔導|高中教育,CC-BY-NC-SA-4.0,text/教室日誌/00175_愛找學生碴的班導代理.md,Facebook 個人貼文,,,
00176,廣西田調與信仰對話,胡語居士,2014-06-28,2026-04-22,宗教|田野調查|廣西|信仰|友誼|基督教,CC-BY-NC-SA-4.0,text/文化筆記/00176_廣西田調與信仰對話.md,Facebook 個人貼文,,,
00177,第三年的春聯揮毫,胡語居士,2017-01-12,2026-04-22,夜校|書法|春聯|教學現場|傳統文化,CC-BY-NC-SA-4.0,text/教室日誌/00177_第三年的春聯揮毫.md,Facebook 個人貼文,,,
00178,三年的功夫毀於一個期末考,胡語居士,2017-01-13,2026-04-22,教學現場|考試制度|課程設計|高中教育|國文科,CC-BY-NC-SA-4.0,text/教室日誌/00178_三年的功夫毀於一個期末考.md,Facebook 個人貼文,,,
00179,香腸與年貨的記憶,胡語居士,2017-01-16,2026-04-22,過年|年貨|香腸|家人|飲食記憶,CC-BY-NC-SA-4.0,text/家族書寫/00179_香腸與年貨的記憶.md,Facebook 個人貼文,,,
00180,Toli離開的那天,胡語居士,2017-02-01,2026-04-22,寵物|失去|悲傷|除夕|生命,CC-BY-NC-SA-4.0,text/家書與日記/00180_Toli離開的那天.md,Facebook 個人貼文,,,
00181,搬家遇見以前的自己,胡語居士,2017-02-04,2026-04-22,搬家|聲韻學|學習記憶|詩經|成長,CC-BY-NC-SA-4.0,text/家書與日記/00181_搬家遇見以前的自己.md,Facebook 個人貼文,,,
00182,漂書活動的意外收穫,胡語居士,2017-02-08,2026-04-22,漂書|閱讀|書友|交流活動|吉本,CC-BY-NC-SA-4.0,text/文化筆記/00182_漂書活動的意外收穫.md,Facebook 個人貼文,,,
00183,被逼著走進象牙塔的幸福,胡語居士,2017-03-03,2026-04-22,博士生|論文寫作|學術生活|自我反思,CC-BY-NC-SA-4.0,text/職場書寫/00183_被逼著走進象牙塔的幸福.md,Facebook 個人貼文,,,
00184,哈剌虎剌是什麼虎,胡語居士,2017-03-11,2026-04-22,歷史語言|高昌館|獰貓|明朝|文獻考證|動物,CC-BY-NC-SA-4.0,text/文化筆記/00184_哈剌虎剌是什麼虎.md,Facebook 個人貼文,,,
00185,遺失叭噗的半小時,胡語居士,2017-04-05,2026-04-22,寵物|貓|家庭生活|緊張|尋貓,CC-BY-NC-SA-4.0,text/家書與日記/00185_遺失叭噗的半小時.md,Facebook 個人貼文,,,
00186,亞泥礦權與太魯閣連署,胡語居士,2017-04-08,2026-04-22,環境議題|太魯閣|亞泥|原住民|礦業法|公民行動,CC-BY-NC-SA-4.0,text/文化筆記/00186_亞泥礦權與太魯閣連署.md,Facebook 個人貼文,,,
00187,夜校裡那個聰明的應屆生,胡語居士,2017-04-12,2026-04-22,夜校|師生關係|教學現場|學生故事|高中教育,CC-BY-NC-SA-4.0,text/教室日誌/00187_夜校裡那個聰明的應屆生.md,Facebook 個人貼文,,,
00188,寫作是一種天賦嗎,胡語居士,2017-04-28,2026-04-22,寫作|天賦|友情|自我反思|成長,CC-BY-NC-SA-4.0,text/家書與日記/00188_寫作是一種天賦嗎.md,Facebook 個人貼文,,,
00189,赤壁賦書法欣賞課,胡語居士,2017-04-28,2026-04-22,教學現場|赤壁賦|書法|蘇東坡|國文課,CC-BY-NC-SA-4.0,text/教室日誌/00189_赤壁賦書法欣賞課.md,Facebook 個人貼文,,,
00190,海上觀察員的那篇報導,胡語居士,2017-05-17,2026-04-22,漁業|勞工|環境|海上觀察員|職業安全,CC-BY-NC-SA-4.0,text/文化筆記/00190_海上觀察員的那篇報導.md,Facebook 個人貼文,,,
00191,這樣的日子沒什麼好奢求的,胡語居士,2017-05-24,2026-04-22,日常生活|知足|植物|家居|讀書,CC-BY-NC-SA-4.0,text/家書與日記/00191_這樣的日子沒什麼好奢求的.md,Facebook 個人貼文,,,
00192,馮諼客孟嘗君的角色扮演分組,胡語居士,2017-05-28,2026-04-22,教學現場|馮諼客孟嘗君|角色扮演|國文課|分組教學,CC-BY-NC-SA-4.0,text/教室日誌/00192_馮諼客孟嘗君的角色扮演分組.md,Facebook 個人貼文,,,
00193,教師只能等待的時刻,胡語居士,2017-06-03,2026-04-22,教學現場|師生關係|等待|教育哲學|成長,CC-BY-NC-SA-4.0,text/教室日誌/00193_教師只能等待的時刻.md,Facebook 個人貼文,,,
00194,老媽取消了奧塞之行,胡語居士,2017-06-04,2026-04-22,家庭關係|母女|美術館|失望|奧塞,CC-BY-NC-SA-4.0,text/家族書寫/00194_老媽取消了奧塞之行.md,Facebook 個人貼文,,,
00195,視訊白一平與沙加爾的心得,胡語居士,2017-06-07,2026-04-22,上古音|語言學|白一平|沙加爾|學術交流,CC-BY-NC-SA-4.0,text/文化筆記/00195_視訊白一平與沙加爾的心得.md,Facebook 個人貼文,,,
00196,不認真的學生遇上鄭再發老師,胡語居士,2017-06-08,2026-04-22,漢學所|語言學|學術|師生|自我反思,CC-BY-NC-SA-4.0,text/職場書寫/00196_不認真的學生遇上鄭再發老師.md,Facebook 個人貼文,,,
00197,學期末的行政人事,胡語居士,2017-06-16,2026-04-22,行政|職場|學校|人事|高中教育,CC-BY-NC-SA-4.0,text/職場書寫/00197_學期末的行政人事.md,Facebook 個人貼文,,,
00198,女兒轉述媽媽的話,胡語居士,2017-06-27,2026-04-22,日記|同事|家庭|童言童語|生活趣事,CC-BY-NC-SA-4.0,text/家書與日記/00198_女兒轉述媽媽的話.md,Facebook 個人貼文,,,
00199,多羅滿賞鯨與黑潮基金會,胡語居士,2017-08-09,2026-04-22,賞鯨|黑潮海洋文化基金會|海洋|生態旅遊|廖鴻基,CC-BY-NC-SA-4.0,text/旅行手札/00199_多羅滿賞鯨與黑潮基金會.md,Facebook 個人貼文,,,
00200,夢見國語文競賽的孩子,胡語居士,2017-09-04,2026-04-22,教學現場|夢境|國語文競賽|師生關係|恐懼,CC-BY-NC-SA-4.0,text/教室日誌/00200_夢見國語文競賽的孩子.md,Facebook 個人貼文,,,
00201,大路書屋也要收了,胡語居士,2017-09-05,2026-04-22,書店|簡體書|閱讀文化|書店消失|台北,CC-BY-NC-SA-4.0,text/文化筆記/00201_大路書屋也要收了.md,Facebook 個人貼文,,,
00202,京站杏子豬排旁的兩個女孩,胡語居士,2017-09-09,2026-04-22,日記|餐廳|觀察|生活趣事|台北,CC-BY-NC-SA-4.0,text/家書與日記/00202_京站杏子豬排旁的兩個女孩.md,Facebook 個人貼文,,,
00203,業務與書店店員,胡語居士,2017-09-12,2026-04-22,書店|出版業|業務|閱讀|書業觀察,CC-BY-NC-SA-4.0,text/文化筆記/00203_業務與書店店員.md,Facebook 個人貼文,,,
00204,夜校攝影比賽意外成功,胡語居士,2017-09-13,2026-04-22,夜校|攝影|教學現場|學生活動|高中教育,CC-BY-NC-SA-4.0,text/教室日誌/00204_夜校攝影比賽意外成功.md,Facebook 個人貼文,,,
00205,故宮孔子特展與文徵明臨蘭亭,胡語居士,2017-09-23,2026-04-22,書法|文徵明|故宮|蘭亭集序|張旭|展覽,CC-BY-NC-SA-4.0,text/文化筆記/00205_故宮孔子特展與文徵明臨蘭亭.md,Facebook 個人貼文,,,
00206,閱讀習慣是怎麼形成的,胡語居士,2017-09-26,2026-04-22,閱讀|書籍|閱讀習慣|成長|家庭教育,CC-BY-NC-SA-4.0,text/文化筆記/00206_閱讀習慣是怎麼形成的.md,Facebook 個人貼文,,,
00207,一年級第一次段考後的分組學習,胡語居士,2017-10-13,2026-04-22,教學現場|分組學習|夜校|學生互動|高中教育,CC-BY-NC-SA-4.0,text/教室日誌/00207_一年級第一次段考後的分組學習.md,Facebook 個人貼文,,,
00208,借書、貓咪與生活瑣記,胡語居士,2017-10-16,2026-04-22,日記|借書|閱讀|貓|生活記錄,CC-BY-NC-SA-4.0,text/家書與日記/00208_借書、貓咪與生活瑣記.md,Facebook 個人貼文,,,
00209,學生來家裡烤肉,胡語居士,2017-10-24,2026-04-22,師生關係|烤肉|教學現場|課外活動|夜校,CC-BY-NC-SA-4.0,text/教室日誌/00209_學生來家裡烤肉.md,Facebook 個人貼文,,,
00210,推薦《我們為何成為貓奴》,胡語居士,2017-11-22,2026-04-22,書評|貓|動物行為|科普|閱讀推薦,CC-BY-NC-SA-4.0,text/文化筆記/00210_推薦《我們為何成為貓奴》.md,Facebook 個人貼文,,,
00211,出發去北京開會前的折騰,胡語居士,2017-11-23,2026-04-22,學術會議|北京|旅行|學術|行前準備,CC-BY-NC-SA-4.0,text/職場書寫/00211_出發去北京開會前的折騰.md,Facebook 個人貼文,,,
00212,一回頭就是八年,胡語居士,2017-11-30,2026-04-22,時間|記憶|台灣|身份認同|友情|自我反思,CC-BY-NC-SA-4.0,text/家書與日記/00212_一回頭就是八年.md,Facebook 個人貼文,,,
00213,戴資穎球后一年,胡語居士,2017-12-01,2026-04-22,羽球|戴資穎|體育|女性運動員|世界第一,CC-BY-NC-SA-4.0,text/文化筆記/00213_戴資穎球后一年.md,Facebook 個人貼文,,,
00214,管寧割席與世說新語的選文,胡語居士,2017-12-12,2026-04-22,世說新語|管寧割席|國文課|課程設計|教學現場,CC-BY-NC-SA-4.0,text/教室日誌/00214_管寧割席與世說新語的選文.md,Facebook 個人貼文,,,
00215,打球是為了氣氛不是健身,胡語居士,2018-02-01,2026-04-22,羽球|運動|競技|夫妻|生活方式,CC-BY-NC-SA-4.0,text/身體書寫/00215_打球是為了氣氛不是健身.md,Facebook 個人貼文,,,
00216,重新編排詩經教學的步驟,胡語居士,2018-03-01,2026-04-22,詩經|教學現場|課程設計|國文課|高職,CC-BY-NC-SA-4.0,text/教室日誌/00216_重新編排詩經教學的步驟.md,Facebook 個人貼文,,,
00217,學生問我能不能吃早餐,胡語居士,2018-03-23,2026-04-22,教室日誌|師生互動|生活趣事|夜校|早餐,CC-BY-NC-SA-4.0,text/教室日誌/00217_學生問我能不能吃早餐.md,Facebook 個人貼文,,,
00218,跟學生互相傷害：廁所篇,胡語居士,2018-03-30,2026-04-22,師生互動|教室日誌|規定|抽菸|夜校,CC-BY-NC-SA-4.0,text/教室日誌/00218_跟學生互相傷害：廁所篇.md,Facebook 個人貼文,,,
00219,閩南語檢定的Ｅ化折騰,胡語居士,2018-04-12,2026-04-22,閩南語|台羅拼音|教學現場|高三|課程設計,CC-BY-NC-SA-4.0,text/教室日誌/00219_閩南語檢定的Ｅ化折騰.md,Facebook 個人貼文,,,
00220,走出教室的兩個學生,胡語居士,2018-04-19,2026-04-22,師生關係|課堂管理|教室日誌|夜校|師生衝突,CC-BY-NC-SA-4.0,text/教室日誌/00220_走出教室的兩個學生.md,Facebook 個人貼文,,,
00221,行政倦怠與主任的掣肘,胡語居士,2018-04-24,2026-04-22,行政|職場|倦怠|同事關係|情緒管理,CC-BY-NC-SA-4.0,text/職場書寫/00221_行政倦怠與主任的掣肘.md,Facebook 個人貼文,,,
00222,台羅拼音讓學生哀嚎兩週,胡語居士,2018-05-05,2026-04-22,台羅拼音|閩南語|教學現場|學生反應|夜校,CC-BY-NC-SA-4.0,text/教室日誌/00222_台羅拼音讓學生哀嚎兩週.md,Facebook 個人貼文,,,
00223,高三學生的入聲哀嚎,胡語居士,2018-05-11,2026-04-22,台羅拼音|入聲|語言學|教室日誌|高三,CC-BY-NC-SA-4.0,text/教室日誌/00223_高三學生的入聲哀嚎.md,Facebook 個人貼文,,,
00224,讓學生看郭強生談悲傷,胡語居士,2018-05-21,2026-04-22,教學現場|郭強生|悲傷|影片教學|生命教育,CC-BY-NC-SA-4.0,text/教室日誌/00224_讓學生看郭強生談悲傷.md,Facebook 個人貼文,,,
00225,湯優盃轉播主播的不專業,胡語居士,2018-05-27,2026-04-22,羽球|湯優盃|電視轉播|體育媒體|戴資穎,CC-BY-NC-SA-4.0,text/文化筆記/00225_湯優盃轉播主播的不專業.md,Facebook 個人貼文,,,
00226,畢典預演的厭世日記,胡語居士,2018-05-30,2026-04-22,畢業典禮|職場|行政|厭世|高中教育,CC-BY-NC-SA-4.0,text/職場書寫/00226_畢典預演的厭世日記.md,Facebook 個人貼文,,,
00227,麥田捕手與意外走上教職,胡語居士,2018-06-02,2026-04-22,麥田捕手|沙林傑|教職|自我反思|成長,CC-BY-NC-SA-4.0,text/家書與日記/00227_麥田捕手與意外走上教職.md,Facebook 個人貼文,,,
00228,半夜撈貓兩遍,胡語居士,2018-06-10,2026-04-22,貓|韓吉|家庭生活|寵物|鄉村,CC-BY-NC-SA-4.0,text/家書與日記/00228_半夜撈貓兩遍.md,Facebook 個人貼文,,,
00229,爸爸問我要不要回壢中,胡語居士,2018-06-12,2026-04-22,父親|壢中|記憶|家人|學校,CC-BY-NC-SA-4.0,text/家族書寫/00229_爸爸問我要不要回壢中.md,Facebook 個人貼文,,,
00230,首爾行的心得,胡語居士,2018-06-19,2026-04-22,首爾|韓國|旅行|城市印象|植物,CC-BY-NC-SA-4.0,text/旅行手札/00230_首爾行的心得.md,Facebook 個人貼文,,,
00231,學生不知道鼎邊銼是什麼,胡語居士,2018-07-01,2026-04-22,閩南語|鼎邊銼|飲食文化|教學現場|文化傳承,CC-BY-NC-SA-4.0,text/教室日誌/00231_學生不知道鼎邊銼是什麼.md,Facebook 個人貼文,,,
00232,落羽松頂端的紅,胡語居士,2018-08-05,2026-04-22,落羽松|田園生活|植物|家居|自然觀察,CC-BY-NC-SA-4.0,text/家書與日記/00232_落羽松頂端的紅.md,Facebook 個人貼文,,,
00233,問學生媽媽打掃一小時多少錢,胡語居士,2018-08-18,2026-04-22,師生互動|教室日誌|清潔|生活|夜校,CC-BY-NC-SA-4.0,text/教室日誌/00233_問學生媽媽打掃一小時多少錢.md,Facebook 個人貼文,,,
00234,圖書館停用影印卡的種種缺失,胡語居士,2018-08-21,2026-04-22,圖書館|影印卡|公共服務|消費者|大學,CC-BY-NC-SA-4.0,text/消費經驗/00234_圖書館停用影印卡的種種缺失.md,Facebook 個人貼文,,,
00235,書法是誰的文化,胡語居士,2018-09-06,2026-04-22,書法|文化認同|台灣|日本|韓國|文化主權,CC-BY-NC-SA-4.0,text/文化筆記/00235_書法是誰的文化.md,Facebook 個人貼文,,,
00236,嘴賤小老師不想上課,胡語居士,2018-09-20,2026-04-22,師生互動|教室日誌|課堂管理|夜校|對話,CC-BY-NC-SA-4.0,text/教室日誌/00236_嘴賤小老師不想上課.md,Facebook 個人貼文,,,
00237,5W1H分析法開學第一天,胡語居士,2018-09-20,2026-04-22,教學設計|5W1H|夜校|高一|課程創新,CC-BY-NC-SA-4.0,text/教室日誌/00237_5W1H分析法開學第一天.md,Facebook 個人貼文,,,
00238,桃花源記的鷹架提問,胡語居士,2018-10-20,2026-04-22,桃花源記|教學現場|課程設計|國文課|學生反應,CC-BY-NC-SA-4.0,text/教室日誌/00238_桃花源記的鷹架提問.md,Facebook 個人貼文,,,
00239,紀念金庸的雜談,胡語居士,2018-10-31,2026-04-22,金庸|武俠小說|射雕英雄傳|文學|悼念,CC-BY-NC-SA-4.0,text/文化筆記/00239_紀念金庸的雜談.md,Facebook 個人貼文,,,
00240,暑假後體重來到人生新高,胡語居士,2018-11-03,2026-04-22,體重|身體|運動|飲食|自我觀察,CC-BY-NC-SA-4.0,text/身體書寫/00240_暑假後體重來到人生新高.md,Facebook 個人貼文,,,
00241,選後發洩一下觀察,胡語居士,2018-11-25,2026-04-22,選舉|台灣政治|民主|社會觀察|公民,CC-BY-NC-SA-4.0,text/文化筆記/00241_選後發洩一下觀察.md,Facebook 個人貼文,,,
00242,外媒說台灣選舉結果顯示親中,胡語居士,2018-12-03,2026-04-22,選舉|台灣|外媒|親中|媒體觀察,CC-BY-NC-SA-4.0,text/文化筆記/00242_外媒說台灣選舉結果顯示親中.md,Facebook 個人貼文,,,
00243,被海放到夜間部的問題老師,胡語居士,2018-12-07,2026-04-22,職場|夜校|問題同事|教師|行政,CC-BY-NC-SA-4.0,text/職場書寫/00243_被海放到夜間部的問題老師.md,Facebook 個人貼文,,,
00244,2018年尾的不順,胡語居士,2018-12-19,2026-04-22,年末|心情|反思|生活記錄|低潮,CC-BY-NC-SA-4.0,text/家書與日記/00244_2018年尾的不順.md,Facebook 個人貼文,,,
00245,你都沒變耶這句話,胡語居士,2018-12-31,2026-04-22,自我反思|時間|外貌|身份認同|年末,CC-BY-NC-SA-4.0,text/家書與日記/00245_你都沒變耶這句話.md,Facebook 個人貼文,,,
00246,第五屆春聯揮毫活動,胡語居士,2019-01-19,2026-04-22,春聯|書法|教學現場|夜校|傳統文化,CC-BY-NC-SA-4.0,text/教室日誌/00246_第五屆春聯揮毫活動.md,Facebook 個人貼文,,,
00247,五個國籍的語言學課,胡語居士,2019-02-20,2026-04-22,研究所|語言學|多元文化|論文|學術,CC-BY-NC-SA-4.0,text/職場書寫/00247_五個國籍的語言學課.md,Facebook 個人貼文,,,
00248,吵鬧的一年級與答案抄錯的學習單,胡語居士,2019-02-25,2026-04-22,教室日誌|課堂管理|學習單|夜校|高一,CC-BY-NC-SA-4.0,text/教室日誌/00248_吵鬧的一年級與答案抄錯的學習單.md,Facebook 個人貼文,,,
00249,熱臉貼冷屁股的感慨,胡語居士,2019-03-08,2026-04-22,教學心情|付出|師生關係|職業倦怠|反思,CC-BY-NC-SA-4.0,text/教室日誌/00249_熱臉貼冷屁股的感慨.md,Facebook 個人貼文,,,
00250,問學生詩的格律全部狀況外,胡語居士,2019-03-22,2026-04-22,詩的格律|教室日誌|分組活動|國文課|高一,CC-BY-NC-SA-4.0,text/教室日誌/00250_問學生詩的格律全部狀況外.md,Facebook 個人貼文,,,
00251,論文寫作與被邀請的人,胡語居士,2019-04-03,2026-04-22,論文|學術|人類圖|博士生|自我反思,CC-BY-NC-SA-4.0,text/職場書寫/00251_論文寫作與被邀請的人.md,Facebook 個人貼文,,,
00252,抓到學生作文抄襲,胡語居士,2019-04-11,2026-04-22,作文抄襲|教室日誌|學術誠信|師生衝突|處置,CC-BY-NC-SA-4.0,text/教室日誌/00252_抓到學生作文抄襲.md,Facebook 個人貼文,,,
00253,師大圖書館越來越不友善,胡語居士,2019-04-24,2026-04-22,圖書館|師大|研究資源|期刊|使用者體驗,CC-BY-NC-SA-4.0,text/消費經驗/00253_師大圖書館越來越不友善.md,Facebook 個人貼文,,,
00254,參訪廠商臨時反悔的憤怒,胡語居士,2019-05-10,2026-04-22,職場體驗|廠商|失信|教書|憤怒,CC-BY-NC-SA-4.0,text/職場書寫/00254_參訪廠商臨時反悔的憤怒.md,Facebook 個人貼文,,,
00255,假曬貓真抱怨：頂樓夜貓事件,胡語居士,2019-06-15,2026-04-22,貓|家庭生活|寵物|宜蘭|頂樓,CC-BY-NC-SA-4.0,text/家書與日記/00255_假曬貓真抱怨：頂樓夜貓事件.md,Facebook 個人貼文,,,
00256,華航罷工的班會課討論活動,胡語居士,2019-06-23,2026-04-22,教學設計|華航罷工|班會課|勞工|多元觀點,CC-BY-NC-SA-4.0,text/教室日誌/00256_華航罷工的班會課討論活動.md,Facebook 個人貼文,,,
00257,逃離行政的暑假,胡語居士,2019-06-28,2026-04-22,行政|職場倦怠|暑假|解脫|夜校,CC-BY-NC-SA-4.0,text/職場書寫/00257_逃離行政的暑假.md,Facebook 個人貼文,,,
00258,宜蘭新住民推薦小間書菜與田文社,胡語居士,2019-07-13,2026-04-22,宜蘭|小間書菜|田文社|獨立書店|在地文化,CC-BY-NC-SA-4.0,text/文化筆記/00258_宜蘭新住民推薦小間書菜與田文社.md,Facebook 個人貼文,,,
00259,小暑日記：料理芋梗,胡語居士,2019-07-15,2026-04-22,芋頭|芋梗|料理|田園生活|鄰居,CC-BY-NC-SA-4.0,text/家書與日記/00259_小暑日記：料理芋梗.md,Facebook 個人貼文,,,
00260,跑去分部中正堂打球,胡語居士,2019-08-28,2026-04-22,羽球|運動|體育館|師大|球友,CC-BY-NC-SA-4.0,text/身體書寫/00260_跑去分部中正堂打球.md,Facebook 個人貼文,,,
00261,在答案旁邊寫fuck you的學生,胡語居士,2019-10-02,2026-04-22,師生互動|教室日誌|學生|高三|趣事,CC-BY-NC-SA-4.0,text/教室日誌/00261_在答案旁邊寫fuck you的學生.md,Facebook 個人貼文,,,
00262,婚後的魚眼睛,胡語居士,2019-10-16,2026-04-22,詩|婚姻|夫妻|飲食|生活意象,CC-BY-NC-SA-4.0,text/家族書寫/00262_婚後的魚眼睛.md,Facebook 個人貼文,,,
00263,出師表的人物形塑教法,胡語居士,2019-10-19,2026-04-22,出師表|教學設計|人物分析|國文課|左忠毅公,CC-BY-NC-SA-4.0,text/教室日誌/00263_出師表的人物形塑教法.md,Facebook 個人貼文,,,
00264,課堂實踐後的挫敗,胡語居士,2019-11-02,2026-04-22,教學現場|教學法|挫敗|課堂管理|反思,CC-BY-NC-SA-4.0,text/教室日誌/00264_課堂實踐後的挫敗.md,Facebook 個人貼文,,,
00265,貓尿了我的大學講義,胡語居士,2019-11-11,2026-04-22,貓|講義|斷捨離|大學記憶|寵物,CC-BY-NC-SA-4.0,text/家書與日記/00265_貓尿了我的大學講義.md,Facebook 個人貼文,,,
00266,合唱比賽前一天學生打架,胡語居士,2019-11-13,2026-04-22,教室日誌|學生衝突|合唱比賽|課堂管理|夜校,CC-BY-NC-SA-4.0,text/教室日誌/00266_合唱比賽前一天學生打架.md,Facebook 個人貼文,,,
00267,血壓200的K生與開書考試,胡語居士,2019-11-19,2026-04-22,教室日誌|問題學生|夜校|開書考試|師生關係,CC-BY-NC-SA-4.0,text/教室日誌/00267_血壓200的K生與開書考試.md,Facebook 個人貼文,,,
00268,十一月宜蘭還要戴口罩騎車,胡語居士,2019-11-24,2026-04-22,天氣|宜蘭|氣候|日常生活|冬衣,CC-BY-NC-SA-4.0,text/家書與日記/00268_十一月宜蘭還要戴口罩騎車.md,Facebook 個人貼文,,,
00269,學生拿雞腿砸老師,胡語居士,2019-12-05,2026-04-22,教室日誌|學生衝突|導生班|夜校|師生關係,CC-BY-NC-SA-4.0,text/教室日誌/00269_學生拿雞腿砸老師.md,Facebook 個人貼文,,,
00270,北京跨年的記憶,胡語居士,2020-01-01,2026-04-22,跨年|北京|回憶|新年|獨處,CC-BY-NC-SA-4.0,text/家書與日記/00270_北京跨年的記憶.md,Facebook 個人貼文,,,
00271,宜蘭接地氣：配眼鏡的好店,胡語居士,2020-02-11,2026-04-22,宜蘭|眼鏡行|在地生活|接地氣|消費,CC-BY-NC-SA-4.0,text/消費經驗/00271_宜蘭接地氣：配眼鏡的好店.md,Facebook 個人貼文,,,
00272,情人節去和平青鳥逛書店,胡語居士,2020-02-14,2026-04-22,書店|和平青鳥|情人節|疫情|台北,CC-BY-NC-SA-4.0,text/消費經驗/00272_情人節去和平青鳥逛書店.md,Facebook 個人貼文,,,
00273,身體在告訴我壓力太大了,胡語居士,2020-02-25,2026-04-22,壓力|身體症狀|失眠|胸悶|自我照顧,CC-BY-NC-SA-4.0,text/身體書寫/00273_身體在告訴我壓力太大了.md,Facebook 個人貼文,,,
00274,我並不擅長和老師保持聯絡,胡語居士,2020-03-01,2026-04-22,師生關係|感恩|教師節|教育|回憶,CC-BY-NC-SA-4.0,text/教室日誌/00274_我並不擅長和老師保持聯絡.md,Facebook 個人貼文,,,
00275,春分與台灣人的節氣感,胡語居士,2020-03-20,2026-04-22,春分|節氣|飲食文化|疫情|台灣,CC-BY-NC-SA-4.0,text/文化筆記/00275_春分與台灣人的節氣感.md,Facebook 個人貼文,,,
00276,刷武俠劇配論文,胡語居士,2020-03-21,2026-04-22,武俠劇|倚天屠龍記|金庸|論文|追劇,CC-BY-NC-SA-4.0,text/文化筆記/00276_刷武俠劇配論文.md,Facebook 個人貼文,,,
00277,講義Less is More的調整原則,胡語居士,2020-03-27,2026-04-22,教學設計|講義|課程規劃|國文課|精簡,CC-BY-NC-SA-4.0,text/教室日誌/00277_講義Less is More的調整原則.md,Facebook 個人貼文,,,
00278,師大停車場管理的鬆散,胡語居士,2020-03-31,2026-04-22,師大|停車|校園管理|抱怨|疫情,CC-BY-NC-SA-4.0,text/職場書寫/00278_師大停車場管理的鬆散.md,Facebook 個人貼文,,,
00279,第一個導生班沒領到畢業證書的學生,胡語居士,2020-04-26,2026-04-22,師生關係|導生班|畢業|記掛|夜校,CC-BY-NC-SA-4.0,text/教室日誌/00279_第一個導生班沒領到畢業證書的學生.md,Facebook 個人貼文,,,
00280,膽固醇超標的健康紀錄,胡語居士,2020-05-08,2026-04-22,膽固醇|健檢|健康|飲食|身體紀錄,CC-BY-NC-SA-4.0,text/身體書寫/00280_膽固醇超標的健康紀錄.md,Facebook 個人貼文,,,
00281,前學生來找我討論畢業展,胡語居士,2020-05-12,2026-04-22,師生關係|畢業展|建築|公共議題|成長,CC-BY-NC-SA-4.0,text/教室日誌/00281_前學生來找我討論畢業展.md,Facebook 個人貼文,,,
00282,八週諮商畫下句點,胡語居士,2020-05-19,2026-04-22,諮商|心理健康|學輔中心|自我照顧|壓力,CC-BY-NC-SA-4.0,text/身體書寫/00282_八週諮商畫下句點.md,Facebook 個人貼文,,,
00283,誠品敦南店的最初與最後,胡語居士,2020-05-27,2026-04-22,誠品|敦南店|書店|記憶|關店,CC-BY-NC-SA-4.0,text/文化筆記/00283_誠品敦南店的最初與最後.md,Facebook 個人貼文,,,
00284,送走緣份最淺的一屆畢業生,胡語居士,2020-06-16,2026-04-22,畢業|師生關係|教室日誌|惘然|夜校,CC-BY-NC-SA-4.0,text/教室日誌/00284_送走緣份最淺的一屆畢業生.md,Facebook 個人貼文,,,
00285,熱天論文龜速與老師的默默施壓,胡語居士,2020-07-12,2026-04-22,論文|博士生|夏天|指導教授|學術,CC-BY-NC-SA-4.0,text/職場書寫/00285_熱天論文龜速與老師的默默施壓.md,Facebook 個人貼文,,,
00286,第一屆導生班的第一個暑假,胡語居士,2020-07-17,2026-04-22,導生班|夜校|學生命運|師生關係|暑假,CC-BY-NC-SA-4.0,text/教室日誌/00286_第一屆導生班的第一個暑假.md,Facebook 個人貼文,,,
00287,補考考卷集體作弊的調查,胡語居士,2020-07-20,2026-04-22,作弊|補考|教室日誌|職場|調查,CC-BY-NC-SA-4.0,text/教室日誌/00287_補考考卷集體作弊的調查.md,Facebook 個人貼文,,,
00288,料理實驗室帶回來的豬心,胡語居士,2020-08-30,2026-04-22,婚姻|料理|豬心|下水|夫妻,CC-BY-NC-SA-4.0,text/家族書寫/00288_料理實驗室帶回來的豬心.md,Facebook 個人貼文,,,
00289,我其實並不討厭開學,胡語居士,2020-08-31,2026-04-22,開學|秋天|教學心情|夜校|新學期,CC-BY-NC-SA-4.0,text/教室日誌/00289_我其實並不討厭開學.md,Facebook 個人貼文,,,
00290,第三度回去當救援投手,胡語居士,2020-09-22,2026-04-22,研究所|吳老師|語言學|大學生|學術,CC-BY-NC-SA-4.0,text/職場書寫/00290_第三度回去當救援投手.md,Facebook 個人貼文,,,
00291,教師節的三份禮物,胡語居士,2020-09-28,2026-04-22,教師節|師生關係|感謝|禮物|夜校,CC-BY-NC-SA-4.0,text/教室日誌/00291_教師節的三份禮物.md,Facebook 個人貼文,,,
00292,轉學生遇到會計課的危機,胡語居士,2020-09-30,2026-04-22,轉學生|會計|教室日誌|課堂管理|夜校,CC-BY-NC-SA-4.0,text/教室日誌/00292_轉學生遇到會計課的危機.md,Facebook 個人貼文,,,
00293,疫情下的故宮與文徵明錯字,胡語居士,2020-11-04,2026-04-22,疫情|故宮|文徵明|龍山寺|日記,CC-BY-NC-SA-4.0,text/家書與日記/00293_疫情下的故宮與文徵明錯字.md,Facebook 個人貼文,,,
00294,做孩子的重要他人,胡語居士,2021-03-16,2026-04-22,師生關係|盧蘇偉|教育|情感代價|導師,CC-BY-NC-SA-4.0,text/教室日誌/00294_做孩子的重要他人.md,Facebook 個人貼文,,,
s0000,Montreal,seantyh,2025-06-25,2025-07-22,蒙特婁|加拿大|文化差異|美食|移民,CC-BY-NC-SA-4.0,text/家書與日記/s0000_Montreal.md,自創原文,一篇描述作者對蒙特婁城市印象與飲食文化的旅行隨筆。,,
s0001,瑪利歐雲,seantyh,2025-05-31,2025-07-22,時間感|日常|生存|旅行|食物,CC-BY-NC-SA-4.0,text/家書與日記/s0001_瑪利歐雲.md,自創原文,探討時間流逝、日常非日常的交錯，以及單純「活著」的意義。,,
s0002,水豚君小隊,seantyh,2025-03-23,2025-07-22,水豚君|隨波逐流|動物寓言|災難|深淵,CC-BY-NC-SA-4.0,text/家書與日記/s0002_水豚君小隊.md,自創原文,以水豚君小隊在洪水中飄流隱喻人生與適應命運。,,
s0003,齋戒月,seantyh,2025-03-13,2025-07-22,齋戒月|宗教|感恩|飲食習慣|生活體悟,CC-BY-NC-SA-4.0,text/家書與日記/s0003_齋戒月.md,自創原文,文章描述了作者與守齋戒月同事的對話，以及齋戒月帶來的感恩體悟。,,
s0004,AirBnB,seantyh,2025-02-12,2025-07-22,AirBnB|日曆|流浪|生活選擇|三合院,CC-BY-NC-SA-4.0,text/家書與日記/s0004_AirBnB.md,自創原文,以AirBnB為起點，反思人生選擇與漂泊生活的意義。,,
s0005,巴黎,seantyh,2025-02-01,2025-07-22,巴黎|艾菲爾鐵塔|旅行|記憶|符號,CC-BY-NC-SA-4.0,text/家書與日記/s0005_巴黎.md,自創原文,一段關於巴黎旅行與兒時記憶交織的個人回憶錄。,,
s0006,對比,seantyh,2025-01-03,2025-07-22,對比|視覺|細胞|旅行|生活,CC-BY-NC-SA-4.0,text/家書與日記/s0006_對比.md,自創原文,反思視覺對比概念延伸到旅行與生活的不同體驗。,,
s0007,眼鏡,seantyh,2024-12-30,2025-07-22,眼鏡|潮州|成長|記憶|日常,CC-BY-NC-SA-4.0,text/家書與日記/s0007_眼鏡.md,自創原文,透過換新眼鏡，串連起作者成長經歷與家鄉變遷的感受。,,
s0008,東京,seantyh,2024-12-19,2025-07-22,東京|友誼|在地旅行|日本文化|非觀光景點,CC-BY-NC-SA-4.0,text/家書與日記/s0008_東京.md,自創原文,一次特別的東京旅程，體驗在地人日常與友誼間的小冒險。,,
s0009,冬休,seantyh,2024-12-06,2025-07-22,冬休|留學生活|異國經驗|文化差異|聖誕節,CC-BY-NC-SA-4.0,text/家書與日記/s0009_冬休.md,自創原文,一次平靜又充滿感觸的冬休歸家旅程和異國反思。,,
s0010,市集,seantyh,2024-11-29,2025-07-22,市集|生日|異鄉生活|儀式感|旅居,CC-BY-NC-SA-4.0,text/家書與日記/s0010_市集.md,自創原文,描述異鄉過生日的日常與儀式感，以及對家鄉與現居地差異的感受。,,
s0011,四隻龍,seantyh,2024-10-19,2025-07-22,街頭藝術|AI熱潮|人文精神|金錢|現實符號,CC-BY-NC-SA-4.0,text/家書與日記/s0011_四隻龍.md,自創原文,這是一篇由一幅街頭畫作引發的關於人性、金錢與社會互動的反思。,,
s0012,Nijntje,seantyh,2024-09-22,2025-07-22,荷蘭|旅行|觀察|歷史|心情,CC-BY-NC-SA-4.0,text/家書與日記/s0012_Nijntje.md,自創原文,旅途中遇見的人事物與對異地生活的細膩觀察。,,
s0013,磁鐵,seantyh,2024-07-30,2025-07-22,磁鐵|紀念品|收集|異鄉生活|文化認同,CC-BY-NC-SA-4.0,text/家書與日記/s0013_磁鐵.md,自創原文,磁鐵成為異鄉日常與文化認同的象徵。,,
s0014,歲月靜好,seantyh,2024-07-25,2025-07-22,荷蘭|心理學|深度學習|符號|社會現象,CC-BY-NC-SA-4.0,text/家書與日記/s0014_歲月靜好.md,自創原文,一趟荷蘭旅程引發作者對於心理學與現代理論的反思。,,
s0015,保持笑容,seantyh,2024-07-17,2025-07-22,心態|研究|樂觀|教訓|失敗,CC-BY-NC-SA-4.0,text/家書與日記/s0015_保持笑容.md,自創原文,面對研究挫折時，維持正面樂觀心態的反思與鼓勵。,,
s0016,網路,seantyh,2024-06-29,2025-07-22,網路中斷|生活體驗|故障經驗|數位依賴|小鎮,CC-BY-NC-SA-4.0,text/家書與日記/s0016_網路.md,自創原文,記錄在異鄉遇到網路斷線，從不便到反思當下生活的短文。,,
s0017,導遊,seantyh,2024-05-26,2025-07-22,米蘭|導遊|旅行|市區觀光|共鳴,CC-BY-NC-SA-4.0,text/家書與日記/s0017_導遊.md,自創原文,一次米蘭市區導覽中，作者在導遊身上體會了同路人的共鳴。,,
s0018,都靈,seantyh,2024-05-22,2025-07-22,都靈|民宿|研討會|社會責任|派典轉移,CC-BY-NC-SA-4.0,text/家書與日記/s0018_都靈.md,自創原文,研討會行旅引發的生活觀察與哲思隨筆。,,
s0019,自由班表,seantyh,2024-05-10,2025-07-22,荷蘭|鐵路|理由|因果|心理學,CC-BY-NC-SA-4.0,text/家書與日記/s0019_自由班表.md,自創原文,文章以鐵路誤點為引，探討人們尋找理由的心理與投射行為。,,
s0020,鬱金香,seantyh,2024-05-05,2025-07-22,荷蘭|鬱金香|旅行|文化差異|起司,CC-BY-NC-SA-4.0,text/家書與日記/s0020_鬱金香.md,自創原文,旅行荷蘭觀察中西方文化差異與日常感受。,,
s0021,知識出版業,seantyh,2024-04-27,2025-07-22,碳足跡|研究貢獻|知識出版|學術價值|軟實力,CC-BY-NC-SA-4.0,text/家書與日記/s0021_知識出版業.md,自創原文,研究的價值除了效率，還要考慮對社會的實質貢獻與自我的成長。,,
s0022,魔法陣,seantyh,2024-04-06,2025-07-22,房間|雜物|感想|社群|審查,CC-BY-NC-SA-4.0,text/家書與日記/s0022_魔法陣.md,自創原文,反思雜亂房間與社群參與的無形力量。,,
s0023,波麗露,seantyh,2024-03-16,2025-07-22,Boléro|拉威爾|音樂結構|甄嬛|問答,CC-BY-NC-SA-4.0,text/家書與日記/s0023_波麗露.md,自創原文,以拉威爾的《波麗露》和甄嬛傳為例，探討單純結構如何帶來創新與開展。,,
s0024,走春,seantyh,2024-02-19,2025-07-22,走春|新天鵝堡|林德霍夫宮|旅遊回憶|德國,CC-BY-NC-SA-4.0,text/家書與日記/s0024_走春.md,自創原文,一趟充滿雲霧與驚喜的德國城堡一日遊記錄。,,
s0025,除夕,seantyh,2024-02-09,2025-07-22,除夕|年夜飯|文化認同|異鄉生活|菜系,CC-BY-NC-SA-4.0,text/家書與日記/s0025_除夕.md,自創原文,除夕在異鄉以團聚和儀式感延續文化連結的經驗與觀察。,,
s0026,紀念日,seantyh,2024-01-26,2025-07-22,德國|留學|回憶|童話小鎮|文化,CC-BY-NC-SA-4.0,text/家書與日記/s0026_紀念日.md,自創原文,一篇關於記憶、遷徙與異地生活的隨筆。,,
s0027,荷蘭小鎮,seantyh,2024-01-24,2025-07-22,旅行|荷蘭|火車|小鎮|德國,CC-BY-NC-SA-4.0,text/家書與日記/s0027_荷蘭小鎮.md,自創原文,一趟充滿波折與省思的荷蘭小鎮火車之旅。,,
s0028,凍雨,seantyh,2024-01-18,2025-07-22,凍雨|德國生活|滑倒經驗|實用知識|異文化,CC-BY-NC-SA-4.0,text/家書與日記/s0028_凍雨.md,自創原文,一次親身經歷凍雨，從生活細節反思文化差異及意外防範。,,
s0029,桶中腦,seantyh,2024-01-06,2025-07-22,食評|美食評論|米其林|餐廳|同情,CC-BY-NC-SA-4.0,text/家書與日記/s0029_桶中腦.md,自創原文,反思寫食評與美食評論制度下的矛盾與無力感。,,
s0030,寫在說書人之前,seantyh,2023-12-25,2025-07-22,人生|金字塔|象徵|家庭|哲思,CC-BY-NC-SA-4.0,text/家書與日記/s0030_寫在說書人之前.md,自創原文,生活日常與哲理、象徵交織的思辨隨筆。,,
s0031,Hiatus,seantyh,2023-12-15,2025-07-22,台灣|生活觀察|腔調|日常|回歸,CC-BY-NC-SA-4.0,text/家書與日記/s0031_Hiatus.md,自創原文,日常觀察南部生活與自我腔調的異鄉感，以及旅途中休止的片刻。,,
s0032,下雪,seantyh,2023-12-03,2025-07-22,下雪|日常|富士山|氣候變遷|積雪,CC-BY-NC-SA-4.0,text/家書與日記/s0032_下雪.md,自創原文,描述作者難得經歷大雪與雪景融入日常的感想。,,
s0033,杯子蛋糕,seantyh,2023-11-29,2025-07-22,生日|杯子蛋糕|異國文化|星巴克|蠟燭,CC-BY-NC-SA-4.0,text/家書與日記/s0033_杯子蛋糕.md,自創原文,異鄉生日用cupcake取代傳統蛋糕，交織文化細節與生活趣事。,,
s0034,300天,seantyh,2023-11-22,2025-07-22,烏克蘭|聖誕節|大學城|德語|海外經驗,CC-BY-NC-SA-4.0,text/家書與日記/s0034_300天.md,自創原文,反思在國外生活三百天及多元生活型態的體會。,,
s0035,跨欄,seantyh,2023-11-10,2025-07-22,遊戲規則|語言|雙語|講話|LLM,CC-BY-NC-SA-4.0,text/家書與日記/s0035_跨欄.md,自創原文,反思遊戲規則、語言藩籬與人類溝通方式的本質。,,
s0036,殘差,seantyh,2023-11-06,2025-07-22,殘差|人性|工程|人文|知識,CC-BY-NC-SA-4.0,text/家書與日記/s0036_殘差.md,自創原文,本文探討人性、符號、科學與工程之間的殘差與價值。,,
s0037,防潮箱,seantyh,2023-10-27,2025-07-22,背包|台灣|德國|適應生活|防潮箱,CC-BY-NC-SA-4.0,text/家書與日記/s0037_防潮箱.md,自創原文,一段異地生活中隨手記錄的文化與日常觀察。,,
s0038,聽覺記憶,seantyh,2023-10-08,2025-07-22,聽覺記憶|流行音樂|回憶|德國|青春,CC-BY-NC-SA-4.0,text/家書與日記/s0038_聽覺記憶.md,自創原文,以流行音樂引發的聽覺記憶串連起青春回憶與文化觀察。,,
s0039,中秋,seantyh,2023-09-30,2025-07-22,中秋節|月餅|節日文化|歐洲生活|華人故事,CC-BY-NC-SA-4.0,text/家書與日記/s0039_中秋.md,自創原文,對比歐洲與華人中秋節文化與故事色彩，並分享個人經驗和飲食偏好。,,
s0040,兩條線,seantyh,2023-09-19,2025-07-22,維也納|博物館|旅行|科學|藝術,CC-BY-NC-SA-4.0,text/家書與日記/s0040_兩條線.md,自創原文,一趟維也納之旅讓人思索科學與藝術的交會及個人情感的流動。,,
s0041,小紅帽,seantyh,2023-09-02,2025-07-22,科普|生物學|細胞|人體|城市生活,CC-BY-NC-SA-4.0,text/家書與日記/s0041_小紅帽.md,自創原文,以童年卡通《人體大奇航》引發對細胞、生物與生活環境關係的省思。,,
s0042,山裡,seantyh,2023-08-20,2025-07-22,住宿|生活經驗|異國文化|山區生活|airbnb,CC-BY-NC-SA-4.0,text/家書與日記/s0042_山裡.md,自創原文,描述在山區居住找房與日常生活的轉折與感受。,,
s0043,四季,seantyh,2023-08-14,2025-07-22,冰淇淋|斯圖加特|四季|季節性憂鬱|歐洲生活,CC-BY-NC-SA-4.0,text/家書與日記/s0043_四季.md,自創原文,描寫在歐洲四季流轉與冰淇淋帶來的日常體驗與心情。,,
s0044,拆文本：文學、科學與真實的界線,seantyh,2023-08-09,2025-07-22,文本|文學|科學哲學|客觀性|知識論,CC-BY-NC-SA-4.0,text/家書與日記/s0044_拆文本.md,自創原文,探討文學與科學中對「文本」的拆解、解讀及其背後的認知問題。,,
s0045,明信片,seantyh,2023-08-01,2025-07-22,工作|明信片|辦公室|台灣|奴性,CC-BY-NC-SA-4.0,text/家書與日記/s0045_明信片.md,自創原文,反思工作與生活的平衡，以及不同國家對工作態度的稱呼。,,
s0046,機場一日遊,seantyh,2023-07-26,2025-07-22,機場|快閃|法蘭克福|旅行|異地,CC-BY-NC-SA-4.0,text/家書與日記/s0046_機場一日遊.md,自創原文,機場成為旅途中短暫卻獨特的折返點，帶來全新體會。,,
s0047,圖書館,seantyh,2023-07-22,2025-07-22,圖書館|斯圖加特|建築|旅行|閱讀,CC-BY-NC-SA-4.0,text/家書與日記/s0047_圖書館.md,自創原文,一次關於斯圖加特市立圖書館建築與空間體驗的隨筆。,,
s0048,星空,seantyh,2023-07-15,2025-07-22,星空|北斗七星|自然觀察|光害|回憶,CC-BY-NC-SA-4.0,text/家書與日記/s0048_星空.md,自創原文,夜半觀察星空，憑記憶重溫童年初見星辰的純粹感動。,,
s0049,鏡中世界,seantyh,2023-07-12,2025-07-22,鏡中世界|變化|倫理|詩意|社群,CC-BY-NC-SA-4.0,text/家書與日記/s0049_鏡中世界.md,自創原文,以湖中落葉與荷花隱喻觀察世界變化與意義轉化。,,
s0050,夏天,seantyh,2023-06-22,2025-07-22,夏天|天氣|冷氣|大腦|程式,CC-BY-NC-SA-4.0,text/家書與日記/s0050_夏天.md,自創原文,一段關於炎熱天氣與思考困難的夏日隨筆。,,
s0051,背景,seantyh,2023-06-15,2025-07-22,心理學|認知神經科學|心智|故事|學術文化,CC-BY-NC-SA-4.0,text/家書與日記/s0051_背景.md,自創原文,反思心理學界對「心智」本質的執著及說故事的重要性。,,
s0052,番茄炒蛋,seantyh,2023-05-29,2025-07-22,餐廳|心得|模型|現實|浪漫,CC-BY-NC-SA-4.0,text/家書與日記/s0052_番茄炒蛋.md,自創原文,一段關於現實與浪漫、模型與日常的反思。,,
s0053,香蕉麵包,seantyh,2023-05-14,2025-07-22,歐洲文化|美國文化|戚風蛋糕|新科技|文化差異,CC-BY-NC-SA-4.0,text/家書與日記/s0053_香蕉麵包.md,自創原文,反思歐美文化認知與在地生活觀察的個人隨筆。,,
s0054,一百天,seantyh,2023-05-06,2025-07-22,天氣|罷工|皮卡丘|傑尼龜|春天,CC-BY-NC-SA-4.0,text/家書與日記/s0054_一百天.md,自創原文,一百天的日常觀察與趣事雜想。,,
s0055,千萬別抬頭,seantyh,2023-05-04,2025-07-22,NLP|心智哲學|科技與社會|敘事權|學術責任,CC-BY-NC-SA-4.0,text/家書與日記/s0055_千萬別抬頭.md,自創原文,探討NLP技術進展下人文精神與社會責任的再思考。,,
s0056,LangChain,seantyh,2023-04-29,2025-07-22,LangChain|LLM|符號|趨勢|故事,CC-BY-NC-SA-4.0,text/家書與日記/s0056_LangChain.md,自創原文,探討LLM與符號、故事敘事的重要性及專案興起的原因。,,
s0057,Work from home,seantyh,2023-04-21,2025-07-22,遠端工作|生活型態|文化|疫情|空間管理,CC-BY-NC-SA-4.0,text/家書與日記/s0057_Work-from-home.md,自創原文,這篇文章反思疫情期間居家工作帶來的生活與文化差異感受。,,
s0058,Easter Monday,seantyh,2023-04-10,2025-07-22,文化差異|米食|歐洲|台灣|社會語言,CC-BY-NC-SA-4.0,text/家書與日記/s0058_Easter-Monday.md,自創原文,透過生活細節反思台灣與世界的文化差異。,,
s0059,美麗的詞彙,seantyh,2023-04-02,2025-07-22,詞彙|人文精神|溝通|學術|人際互動,CC-BY-NC-SA-4.0,text/家書與日記/s0059_美麗的詞彙.md,自創原文,本文探討日常詞彙背後的人文精神與群體互動的美好。,,
s0060,世外桃源,seantyh,2025-07-22,2025-07-22,意識|AGI|哲學|人工智慧|生活,CC-BY-NC-SA-4.0,text/家書與日記/s0060_世外桃源.md,自創原文,本文以哲學對話為引，探討意識爭議與AI時代日常生活的映照與省思。,,
s0061,背景語音,seantyh,2023-03-23,2025-07-22,背景語音|公車|安靜|語言|文化差異,CC-BY-NC-SA-4.0,text/家書與日記/s0061_背景語音.md,自創原文,在異地對周遭語言訊號與生活環境做出觀察、比較與自省。,,
s0063,原來如此,seantyh,2024-07-22,2025-07-22,科技變遷|App Store|生活轉變|記憶|哲學,CC-BY-NC-SA-4.0,text/家書與日記/s0063_原來如此.md,自創原文,文章以iPod Touch和App Store引發的生活和哲學感觸，反思科技如何潛移默化地改變我們。,,
s0064,儀式感,seantyh,2023-03-12,2025-07-22,初心者|儀式感|異地生活|馬鈴薯|早餐,CC-BY-NC-SA-4.0,text/家書與日記/s0064_儀式感.md,自創原文,關於剛到異地生活時，從基本餵養到逐漸建立生活儀式感的過程分享。,,
s0065,re-calibration,seantyh,2023-03-04,2025-07-22,火車|re-calibration|鄉下|對比感|情感,CC-BY-NC-SA-4.0,text/家書與日記/s0065_re-calibration.md,自創原文,一趟非必要的火車旅程幫助自己重新調整情感與空間感知。,,
s0066,早安,seantyh,2023-03-02,2025-07-22,德國|電梯|文化差異|德文|日常,CC-BY-NC-SA-4.0,text/家書與日記/s0066_早安.md,自創原文,電梯邂逅德國人的語言趣事與日常小插曲。,,
s0067,觀光客,seantyh,2023-02-24,2025-07-22,觀光客|行李|攝影|異鄉|文化觀察,CC-BY-NC-SA-4.0,text/家書與日記/s0067_觀光客.md,自創原文,描述在異鄉短居生活中，如觀光客般的日常與文化觀察。,,
s0068,Understanding & Accuracy,seantyh,2023-02-17,2025-07-22,人生抉擇|留學生活|英文溝通|文化差異|心路歷程,CC-BY-NC-SA-4.0,text/家書與日記/s0068_Understanding.md,自創原文,關於人生路口、異文化交流與自我反思的片段紀錄。,,
s0069,不知名的小溪,seantyh,2023-02-11,2025-07-22,小溪|Ammer|自然|旅遊|景點,CC-BY-NC-SA-4.0,text/家書與日記/s0069_不知名的小溪.md,自創原文,描述作者發現並記錄小溪Ammer的經過與感受。,,
s0070,Windy,seantyh,2023-02-07,2025-07-22,異鄉|不真實感|積雪|移民生活|文化衝擊,CC-BY-NC-SA-4.0,text/家書與日記/s0070_Windy.md,自創原文,描述異鄉生活中現實與遊戲感交織的真實體驗。,,
s0071,complementary,seantyh,2023-02-02,2025-07-22,語言|出國|溝通|多元文化|生活體驗,CC-BY-NC-SA-4.0,text/家書與日記/s0071_complementary.md,自創原文,在異國新環境下體會語言與文化隔閡帶來的挑戰與啟發。,,
s0072,T0,seantyh,2023-01-27,2025-07-22,文化衝擊|靜謐|旅遊|自我重啟|觀察,CC-BY-NC-SA-4.0,text/家書與日記/s0072_T0.md,自創原文,初到異地的靜謐讓人有如重啟自我系統的感覺。,,
s0073,初四,seantyh,2023-01-25,2025-07-22,機場|旅行|過年|休憩區|體驗,CC-BY-NC-SA-4.0,text/家書與日記/s0073_初四.md,自創原文,桃園機場深夜的寧靜、休憩區的發現與過年氛圍感受。,,
s0075,經過太原路，突然看到很多人,seantyh,2025-07-22,2025-07-22,太原路|過年|斷捨離|樂高打字機|IG音樂,CC-BY-NC-SA-4.0,text/家書與日記/s0075_太原路.md,自創原文,太原路的街景讓人聯想到過年，同時分享了購物與自制的日常感受。,,
s0076,搬家,seantyh,2023-01-13,2025-07-22,搬家|具身理論|物品轉讓|記憶|賦予價值,CC-BY-NC-SA-4.0,text/家書與日記/s0076_搬家.md,自創原文,反思搬家的行為本質與物品、回憶、身份的關聯。,,
s0078,發呆,seantyh,2023-01-06,2025-07-22,台中|科博館|懷舊|發呆|旅行,CC-BY-NC-SA-4.0,text/家書與日記/s0078_發呆.md,自創原文,台中帶來的懷舊與發呆時光，是難得的心靈喘息。,,
s0079,流形,seantyh,2022-12-26,2025-07-22,AI繪圖|創意|流形|感官經驗|表達,CC-BY-NC-SA-4.0,text/家書與日記/s0079_流形.md,自創原文,人機創作差異不在輸出而在內在狀態與感官經驗。,,
s0080,跑馬燈,seantyh,2022-12-23,2025-07-22,Google Photo|聖誕樹|照片回憶|數位相機|跑馬燈,CC-BY-NC-SA-4.0,text/家書與日記/s0080_跑馬燈.md,自創原文,利用Google Photo回顧多年的聖誕樹照片與個人記憶。,,
s0081,語言與情緒反應的小感,seantyh,2022-11-29,2025-07-22,語言|情緒|社會化|語言模型|抖音,CC-BY-NC-SA-4.0,text/家書與日記/s0081_語言與情緒反應.md,自創原文,用語言和情緒的互動反思語言模型與人類的不同。,,
s0082,食評,seantyh,2022-10-29,2025-07-22,美食|餐廳|評論|善意|生存,CC-BY-NC-SA-4.0,text/家書與日記/s0082_食評.md,自創原文,一篇反思美食評論與善意、生存糾葛的短文。,,
s0083,溶解,seantyh,2022-10-14,2025-07-22,度假|焦慮|潮流|對稱|遊戲,CC-BY-NC-SA-4.0,text/家書與日記/s0083_溶解.md,自創原文,一段描寫異地度假與社會觀察的思考紀錄。,,
s0084,城市介面,seantyh,2022-10-10,2025-07-22,城市|旅行|語言|亞洲|日常生活,CC-BY-NC-SA-4.0,text/家書與日記/s0084_城市介面.md,自創原文,旅人在異地以嶄新視角觀察城市日常與文化差異。,,
s0085,最佳化,seantyh,2022-09-09,2025-07-22,漁夫寓言|目標|深度學習|區域最佳解|人生哲思,CC-BY-NC-SA-4.0,text/家書與日記/s0085_最佳化.md,自創原文,一則用漁夫寓言反思目標與人生最佳化的哲理小品。,,
s0086,bloom diffused,seantyh,2024-06-18,2025-07-22,高雄|駁二藝術特區|數位創作|AI模型|心智工程,CC-BY-NC-SA-4.0,text/家書與日記/s0086_bloom diffused.md,自創原文,結合AI生成台灣風景與對人類語言、數位創作、本質的省思。,,
s0087,INTJ,seantyh,2025-07-22,2025-07-22,MBTI|政論節目|心理學|Dalle-mini|人格測驗,CC-BY-NC-SA-4.0,text/家書與日記/s0087_INTJ.md,自創原文,反思自己人格測驗經驗與對AI圖像生成趣味的觀察。,,
s0088,IDDQD,seantyh,2022-07-17,2025-07-22,回憶|遊戲|程式|個人成長|心理,CC-BY-NC-SA-4.0,text/家書與日記/s0088_IDDQD.md,自創原文,透過遊戲密技與程式碼反思個 人回憶與自我揭露。,,
s0089,五七三十五,seantyh,2022-07-01,2025-07-22,數學|AI|sentient|經驗法則|同時性,CC-BY-NC-SA-4.0,text/家書與日記/s0089_五七三十五.md,自創原文,探索數字、AI和人類認知之間的神秘聯繫。,,
s0090,豐原,seantyh,2022-06-22,2025-07-22,記憶|家鄉|日式建築|豐原|熟悉感,CC-BY-NC-SA-4.0,text/家書與日記/s0090_豐原.md,自創原文,以氣味與記憶描寫對豐原的獨特懷念。,,
s0091,茶壺的遠距會議,seantyh,2025-07-22,2025-07-22,鏡子|反思|舒適圈|哆啦A夢|The Good Place,CC-BY-NC-SA-4.0,text/家書與日記/s0091_茶壺的遠距會議.md,自創原文,一篇以鏡子、世界邊界與舒適圈哲學探討為主的隨筆。,,
s0092,實聯制,seantyh,2022-04-28,2025-07-22,github|activitylog|visualization|matrix|實聯制,CC-BY-NC-SA-4.0,text/家書與日記/s0092_實聯制.md,自創原文,以視覺化記錄每日實聯制的活動軌跡與數據，並反思數據收集的趣味性。,,
s0093,橘貓,seantyh,2024-07-22,2025-07-22,貓|橘貓|黑貓|人類|觀察,CC-BY-NC-SA-4.0,text/家書與日記/s0093_橘貓.md,自創原文,一次與橘貓和黑貓的偶遇，以及人與貓互動的趣味觀察。,,
s0094,時間,seantyh,2025-07-22,2025-07-22,時間|論文寫作|語言心理學|認知|致謝,CC-BY-NC-SA-4.0,text/家書與日記/s0094_時間.md,自創原文,反思論文寫作過程中時間的珍貴與意義，以及語言、認知與時間的關聯。,,
s0095,咖啡廳,seantyh,2022-04-11,2025-07-22,咖啡廳|八卦|公司|教授|人際關係,CC-BY-NC-SA-4.0,text/家書與日記/s0095_咖啡廳.md,自創原文,在咖啡廳聽到公司老闆與員工間的私事對話，體會到公開場合談隱私的風險。,,
s0096,動物園,seantyh,2022-04-09,2025-07-22,動物園|長頸鹿|人類園|棲息地|動物互動,CC-BY-NC-SA-4.0,text/家書與日記/s0096_動物園.md,自創原文,以動物園設計與人類與動物互動的視角進行反思。,,
s0097,混搭創新,seantyh,2022-04-04,2025-07-22,摩斯|地瓜薯條|千島醬|創意料理|日常經驗,CC-BY-NC-SA-4.0,text/家書與日記/s0097_混搭創新.md,自創原文,意外嘗試地瓜薯條配千島醬，發現新鮮又有趣的搭配組合。,,
s0098,燈火闌珊,seantyh,2022-04-01,2025-07-22,麥當勞|地瓜薯|馬鈴薯條|深度學習|領悟,CC-BY-NC-SA-4.0,text/家書與日記/s0098_燈火闌珊.md,自創原文,文章以麥當勞地瓜薯條為引子，反思學習與人生領悟的過程。,,
s0099,支線,seantyh,2025-07-22,2025-07-22,記憶|藏品|火車|旅途|隱居,CC-BY-NC-SA-4.0,text/家書與日記/s0099_支線.md,自創原文,描述偏遠小屋中珍藏回憶與時空交錯的氛圍。,,
